,pl_name,sy_snum,hostname,st_spectype
0,11 Com b,2,11 Com,G8 III
1,11 UMi b,1,11 UMi,K4 III
2,14 And b,1,14 And,K0 III
3,14 Her b,1,14 Her,K0
4,16 Cyg B b,3,16 Cyg B,G2.5 V
5,17 Sco b,1,17 Sco,K3 III
6,18 Del b,2,18 Del,G6 III
7,1RXS J160929.1-210524 b,1,1RXS J160929.1-210524,K7 V
8,24 Boo b,1,24 Boo,G3 IV
11,2M0437 b,1,2MASS J04372171+2651014,M V
12,2MASS J01033563-5515561 AB b,2,2MASS J01033563-5515561 A,M5.5/M6
13,2MASS J01225093-2439505 b,1,2MASS J01225093-2439505,M3.5 V
14,2MASS J02192210-3925225 b,1,2MASS J02192210-3925225,M6
15,2MASS J0249-0557 c,2,2MASS J0249-0557 A,M6 V
17,2MASS J04414489+2301513 b,1,2MASS J04414489+2301513,M8.5
20,2MASS J12073346-3932539 b,1,2MASS J12073346-3932539,M8
23,2MASS J22362452+4751425 b,1,2MASS J22362452+4751425,K7 V
24,2MASS J22501512+2325342 b,1,2MASS J22501512+2325342,M3
25,4 UMa b,1,4 UMa,K1 III
26,47 UMa b,1,47 UMa,G0 V
27,47 UMa c,1,47 UMa,G1 V
29,51 Eri b,3,51 Eri,F0 IV
31,55 Cnc B b,2,55 Cnc B,M4.5 V
32,55 Cnc B c,2,55 Cnc B,M4.5 V
33,55 Cnc b,2,55 Cnc,K0 IV-V
34,55 Cnc c,2,55 Cnc,G8 V
35,55 Cnc d,2,55 Cnc,G8 V
36,55 Cnc e,2,55 Cnc,G8 V
37,55 Cnc f,2,55 Cnc,G8 V
38,6 Lyn b,1,6 Lyn,K0 IV
39,61 Vir b,1,61 Vir,G5 V
40,61 Vir c,1,61 Vir,G5 V
41,61 Vir d,1,61 Vir,G5 V
42,7 CMa b,1,7 CMa,K1 III
45,75 Cet b,2,75 Cet,G3 III
46,75 Cet c,2,75 Cet,G3 III
47,8 UMi b,1,8 UMi,K0
48,81 Cet b,1,81 Cet,G5 III
49,91 Aqr b,3,91 Aqr,K0 III
51,AB Pic b,1,AB Pic,K2 V
52,AF Lep b,1,AF Lep,F8 V
53,AT2021ueyL b,1,AT2021ueyL,M V
54,AU Mic b,1,AU Mic,M1
55,AU Mic c,1,AU Mic,M1 V
58,BD+05 4868 A b,2,BD+05 4868 A,K V
59,BD+14 4559 b,1,BD+14 4559,K2 V
61,BD+15 2940 b,1,BD+15 2940,K0
62,BD+20 2457 b,1,BD+20 2457,K2 II
63,BD+20 2457 c,1,BD+20 2457,K2 II
64,BD+20 274 b,1,BD+20 274,K5 III
65,BD+20 594 b,1,BD+20 594,G
68,BD+45 564 b,1,BD+45 564,K1
69,BD+48 738 b,1,BD+48 738,K0 III
71,BD+49 828 b,1,BD+49 828,K0
72,BD+55 362 b,1,BD+55 362,K3
73,BD+60 1417 b,1,BD+60 1417,K0
74,BD+63 1405 b,1,BD+63 1405,K0
75,BD-06 1339 c,1,BD-06 1339,K7/M0 V
76,BD-08 2823 b,1,BD-08 2823,K3 V
77,BD-08 2823 c,1,BD-08 2823,K3 V
78,BD-10 3166 b,1,BD-10 3166,K0 V
79,BD-11 4672 b,1,BD-11 4672,K7 V
83,BD-17 63 b,1,BD-17 63,K5 V
84,BD-210397 b,1,BD-210397,K7 V
85,BD-210397 c,1,BD-210397,K7 V
87,BEBOP-4 AB b,2,BEBOP-4 A,G3 V
88,Barnard b,1,Barnard's star,M3.5-4 V
89,Barnard c,1,Barnard's star,M3.5-4 V
90,Barnard d,1,Barnard's star,M3.5-4 V
91,Barnard e,1,Barnard's star,M3.5-4 V
92,CD Cet b,1,CD Cet,M5.0 V
93,CD-35 2722 b,1,CD-35 2722,M1 V
95,CFHTWIR-Oph 98 b,1,CFHTWIR-Oph 98 A,M9-L1
96,CHXR 73 b,1,CHXR 73,M3.5
98,COCONUTS-2 b,1,COCONUTS-2 A,M3 V
100,CWISEP J193518.59-154620.3 b,1,CWISEP J193518.59-154620.3,Y
101,CoRoT-1 b,1,CoRoT-1,G0 V
102,CoRoT-10 b,1,CoRoT-10,K1 V
103,CoRoT-11 b,1,CoRoT-11,F6 V
105,CoRoT-13 b,1,CoRoT-13,G0 V
106,CoRoT-14 b,1,CoRoT-14,F9 V
107,CoRoT-16 b,1,CoRoT-16,G5 V
108,CoRoT-17 b,1,CoRoT-17,G2 V
109,CoRoT-18 b,1,CoRoT-18,G9 V
110,CoRoT-19 b,1,CoRoT-19,F9 V
112,CoRoT-20 b,1,CoRoT-20,G2 V
114,CoRoT-21 b,1,CoRoT-21,F8 IV
115,CoRoT-22 b,1,CoRoT-22,G3 V
116,CoRoT-23 b,1,CoRoT-23,G0 V
117,CoRoT-24 b,1,CoRoT-24,K1 V
118,CoRoT-24 c,1,CoRoT-24,K1 V
119,CoRoT-25 b,1,CoRoT-25,F9
120,CoRoT-26 b,1,CoRoT-26,G5
121,CoRoT-27 b,1,CoRoT-27,G2
122,CoRoT-28 b,1,CoRoT-28,G8/9 IV
123,CoRoT-29 b,1,CoRoT-29,K0 V
124,CoRoT-3 b,1,CoRoT-3,F3 V
125,CoRoT-30 b,1,CoRoT-30,G3 V
126,CoRoT-31 b,1,CoRoT-31,G2 IV
127,CoRoT-32 b,1,CoRoT-32,G0 VI
128,CoRoT-35 b,1,CoRoT-35,F6 V
129,CoRoT-36 b,1,CoRoT-36,F3 V
131,CoRoT-5 b,1,CoRoT-5,F9 V
132,CoRoT-6 b,1,CoRoT-6,F9 V
133,CoRoT-7 b,1,CoRoT-7,G9 V
134,CoRoT-7 c,1,CoRoT-7,G9 V
135,CoRoT-7 d,1,CoRoT-7,G9 V
136,CoRoT-8 b,1,CoRoT-8,K1 V
137,CoRoT-9 b,2,CoRoT-9,G3 V
138,DENIS-P J082303.1-491201 b,1,DENIS-P J082303.1-491201,L1.5
139,DH Tau b,1,DH Tau,M0.5
140,DMPP-1 b,1,DMPP-1,F8 V
141,DMPP-1 c,1,DMPP-1,F8 V
142,DMPP-1 d,1,DMPP-1,F8 V
143,DMPP-1 e,1,DMPP-1,F8 V
144,DMPP-2 b,1,DMPP-2,F5 V
147,DMPP-3 A b,2,DMPP-3 A,K0 V
148,DMPP-4 b,1,DMPP-4,F5-F8 V
151,DMPP-7 b,1,DMPP-7,G1 V
155,DS Tuc A b,2,DS Tuc A,G6 V
177,EPIC 211945201 b,1,EPIC 211945201,G0
186,EPIC 212737443 b,1,EPIC 212737443,K3
187,EPIC 212737443 c,1,EPIC 212737443,K3
190,EPIC 220674823 b,1,EPIC 220674823,G5 V
191,EPIC 220674823 c,1,EPIC 220674823,G5 V
194,EPIC 246851721 b,2,EPIC 246851721,F5 V
196,EPIC 249893012 b,1,EPIC 249893012,G8 IV/V
197,EPIC 249893012 c,1,EPIC 249893012,G8 IV/V
198,EPIC 249893012 d,1,EPIC 249893012,G8 IV/V
199,FU Tau b,1,FU Tau,M7.25
200,G 192-15 b,1,G 192-15,M5.0 V
201,G 192-15 c,1,G 192-15,M5.0 V
203,G 261-6 b,1,G 261-6,M5.5 V
204,G 264-012 b,1,G 264-012,M4.0 V
205,G 264-012 c,1,G 264-012,M4.0 V
206,G 268-110 b,1,G 268-110,M5.0 V
207,G 9-40 b,1,G 9-40,M2.5 V
208,GJ 1002 b,1,GJ 1002,M5.5 V
209,GJ 1002 c,1,GJ 1002,M5.5 V
210,GJ 1061 b,1,GJ 1061,M5.5 V
211,GJ 1061 c,1,GJ 1061,M5.5 V
212,GJ 1061 d,1,GJ 1061,M5.5 V
213,GJ 1132 b,1,GJ 1132,M4.5 V
214,GJ 1132 c,1,GJ 1132,M4.5 V
215,GJ 1137 c,1,HD 93083,K2 IV-V
218,GJ 1151 c,1,GJ 1151,M 4.5V
219,GJ 1214 b,1,GJ 1214,M4 V
220,GJ 1252 b,1,GJ 1252,M3
221,GJ 1265 b,1,GJ 1265,M4.5 V
222,GJ 1289 b,1,GJ 1289,M4.5 Ve
223,GJ 143 b,1,GJ 143,K4.5
224,GJ 15 A c,2,GJ 15 A,M1
225,GJ 160.2 b,1,GJ 160.2,M0 V
229,GJ 179 b,1,GJ 179,M2 V
230,GJ 180 b,1,GJ 180,M2 V
231,GJ 180 c,1,GJ 180,M2 V
236,GJ 2126 b,1,GJ 2126,M0 V
237,GJ 238 b,1,GJ 238,M2.5 V
238,GJ 251 b,1,GJ 251,M3.0 V
240,GJ 27.1 b,1,GJ 27.1,M0.5 V
241,GJ 273 b,1,GJ 273,M3.5
242,GJ 273 c,1,GJ 273,M3.5
243,GJ 3021 b,2,GJ 3021,G6 V
245,GJ 3090 b,1,GJ 3090,M2 V
246,GJ 3090 c,1,GJ 3090,M2 V
247,GJ 3138 b,1,GJ 3138,M0
248,GJ 3138 c,1,GJ 3138,M0
249,GJ 3138 d,1,GJ 3138,M0
250,GJ 317 b,1,GJ 317,M2.5 V
251,GJ 317 c,1,GJ 317,M3.5 V
253,GJ 328 b,1,GJ 328,M0.0
254,GJ 328 c,1,GJ 328,M0.0
255,GJ 3293 b,1,GJ 3293,M2.5
256,GJ 3293 c,1,GJ 3293,M2.5
257,GJ 3293 d,1,GJ 3293,M2.5
258,GJ 3293 e,1,GJ 3293,M2.5
259,GJ 3323 b,1,GJ 3323,M4
260,GJ 3323 c,1,GJ 3323,M4
261,GJ 3341 b,1,GJ 3341,M2.5
262,GJ 3378 b,1,GJ 3378,M4 V
263,GJ 338 B b,2,GJ 338 B,M0 V
264,GJ 341 b,1,GJ 341,M1
265,GJ 3470 b,1,GJ 3470,M1.5
268,GJ 3512 b,1,GJ 3512,M5.5 V
269,GJ 3512 c,1,GJ 3512,M5.5 V
270,GJ 357 b,1,GJ 357,M2.5 V
271,GJ 357 c,1,GJ 357,M2.5 V
272,GJ 357 d,1,GJ 357,M2.5 V
273,GJ 3634 b,1,GJ 3634,M2.5
274,GJ 367 b,1,GJ 367,M1.0 V
275,GJ 367 c,1,GJ 367,M1.0 V
276,GJ 367 d,1,GJ 367,M1.0 V
277,GJ 3779 b,1,GJ 3779,M4.0 V
278,GJ 3929 b,1,GJ 3929,M3.5 V
280,GJ 393 b,1,GJ 393,M2.0 V
281,GJ 3942 b,1,GJ 3942,M0
282,GJ 3988 b,1,GJ 3988,M4.5 V
283,GJ 3998 b,1,GJ 3998,M1
284,GJ 3998 c,1,GJ 3998,M1
286,GJ 411 b,1,GJ 411,M1.5 V
287,GJ 414 A b,2,GJ 414 A,K7 V
288,GJ 414 A c,2,GJ 414 A,K7 V
289,GJ 422 b,1,GJ 422,M3.5 V
290,GJ 4274 b,1,GJ 4274,M4.5 V
291,GJ 4274 c,1,GJ 4274,M4.5 V
292,GJ 4276 b,1,GJ 4276,M4.0
293,GJ 433 b,1,GJ 433,M1.5
294,GJ 433 c,1,GJ 433,M1.5 V
296,GJ 436 b,1,GJ 436,M2.5 V
297,GJ 463 b,1,GJ 463,M3 V
298,GJ 480 b,1,GJ 480,M3.5 Ve
299,GJ 486 b,1,GJ 486,M3.5 V
300,GJ 504 b,1,GJ 504,G0 V
301,GJ 508.2 b,1,GJ 508.2,M1.0 V
302,GJ 514 b,1,GJ 514,M0.5-1.0 V
303,GJ 536 b,1,GJ 536,M1 V
305,GJ 581 b,1,GJ 581,M3 V
306,GJ 581 c,1,GJ 581,M3 V
307,GJ 581 e,1,GJ 581,M3.0 V
308,GJ 625 b,1,GJ 625,M2
309,GJ 649 b,1,GJ 649,M1.5
310,GJ 667 C b,3,GJ 667 C,M1.5 V
311,GJ 667 C c,3,GJ 667 C,M1.5 V
312,GJ 674 b,1,GJ 674,M2.5
313,GJ 676 A b,2,GJ 676 A,M0 V
315,GJ 676 A d,2,GJ 676 A,M0 V
316,GJ 676 A e,2,GJ 676 A,M0 V
318,GJ 682 b,1,GJ 682,M3.5 V
319,GJ 682 c,1,GJ 682,M3.5 V
320,GJ 685 b,1,GJ 685,M0.5
321,GJ 687 b,1,GJ 687,M3 V
323,GJ 720 A b,2,GJ 720 A,M0.5 V
324,GJ 724 b,1,GJ 724,M1.0 V
325,GJ 740 b,1,GJ 740,M1.0 V
326,GJ 806 b,1,GJ 806,M1.5 V
327,GJ 806 c,1,GJ 806,M1.5 V
328,GJ 832 b,1,GJ 832,M1 V
329,GJ 849 b,1,GJ 849,M3 V
330,GJ 849 c,1,GJ 849,M3.5
332,GJ 876 b,1,GJ 876,M4 V
333,GJ 876 c,1,GJ 876,M4 V
334,GJ 876 d,1,GJ 876,M4 V
336,GJ 887 b,1,GJ 887,M1 V
337,GJ 887 c,1,GJ 887,M1 V
338,GJ 887 d,1,GJ 887,M1 V
339,GJ 887 e,1,GJ 887,M1 V
340,GJ 896 A b,2,GJ 896 A,M3.5 V
341,GJ 900 b,3,GJ 900 A,K7
342,GJ 9066 c,1,GJ 9066,M4.5 V
344,GJ 96 b,1,GJ 96,M2
345,GJ 9689 b,1,GJ 9689,M0.5
347,GJ 9773 b,1,GJ 9773,M3.0 V
348,GJ 9827 b,1,GJ 9827,K6 V
349,GJ 9827 c,1,GJ 9827,K6 V
350,GJ 9827 d,1,GJ 9827,K5 V
351,GPX-1 b,1,GPX-1,F2
352,GQ Lup b,1,GQ Lup,K7e V
353,GSC 06214-00210 b,1,GSC 06214-00210,M1
354,GU Psc b,1,GU Psc,M3
360,Gl 378 b,1,Gl 378,M1
362,Gl 49 b,2,Gl 49,M1.5 V
363,Gl 686 b,1,Gl 686,M1
364,Gl 725 A b,2,Gl 725 A,M3
365,Gliese 12 b,1,Gliese 12,M3.0 V
366,HAT-P-1 b,2,HAT-P-1,G0 V
367,HAT-P-11 b,1,HAT-P-11,K4
368,HAT-P-11 c,1,HAT-P-11,K4
369,HAT-P-12 b,1,HAT-P-12,K4
370,HAT-P-13 b,1,HAT-P-13,G4
371,HAT-P-13 c,1,HAT-P-13,G4
372,HAT-P-14 b,2,HAT-P-14,F5 V
373,HAT-P-15 b,1,HAT-P-15,G5
374,HAT-P-16 b,3,HAT-P-16,F8
375,HAT-P-17 b,1,HAT-P-17,K
376,HAT-P-17 c,1,HAT-P-17,K
377,HAT-P-18 b,1,HAT-P-18,K2
378,HAT-P-19 b,1,HAT-P-19,K1
379,HAT-P-2 b,1,HAT-P-2,F8
381,HAT-P-20 b,1,HAT-P-20,K3 V
382,HAT-P-21 b,1,HAT-P-21,G3
383,HAT-P-22 b,2,HAT-P-22,G5
384,HAT-P-23 b,1,HAT-P-23,G0 V
385,HAT-P-24 b,2,HAT-P-24,F8
386,HAT-P-25 b,1,HAT-P-25,G5
387,HAT-P-26 b,1,HAT-P-26,K1
388,HAT-P-27 b,2,HAT-P-27,G8
389,HAT-P-28 b,1,HAT-P-28,G3
390,HAT-P-29 b,2,HAT-P-29,F8
391,HAT-P-3 b,2,HAT-P-3,K
395,HAT-P-33 b,2,HAT-P-33,F4
398,HAT-P-36 b,1,HAT-P-36,G5 V
402,HAT-P-4 b,2,HAT-P-4,F
411,HAT-P-49 b,1,HAT-P-49,F
412,HAT-P-5 b,1,HAT-P-5,G
420,HAT-P-57 b,3,HAT-P-57,A8 V
429,HAT-P-65 b,1,HAT-P-65,G2
430,HAT-P-66 b,1,HAT-P-66,G0
432,HAT-P-68 b,1,HAT-P-68,K
434,HAT-P-7 b,3,HAT-P-7,F6 V
440,HATS-11 b,1,HATS-11,G0
441,HATS-12 b,1,HATS-12,F
444,HATS-15 b,1,HATS-15,G9 V
445,HATS-16 b,1,HATS-16,G3 V
446,HATS-17 b,1,HATS-17,G V
447,HATS-18 b,1,HATS-18,G V
448,HATS-2 b,1,HATS-2,K
449,HATS-22 b,1,HATS-22,K V
450,HATS-23 b,1,HATS-23,G V
451,HATS-24 b,1,HATS-24,F V
452,HATS-25 b,1,HATS-25,G
453,HATS-26 b,1,HATS-26,F
454,HATS-27 b,1,HATS-27,F
455,HATS-28 b,1,HATS-28,G
456,HATS-29 b,1,HATS-29,G
457,HATS-3 b,1,HATS-3,F
458,HATS-30 b,2,HATS-30,G
464,HATS-36 b,1,HATS-36,G0 V
468,HATS-4 b,1,HATS-4,G
479,HATS-5 b,1,HATS-5,G
484,HATS-54 b,1,HATS-54,G6 V
491,HATS-6 b,1,HATS-6,M1 V
502,HATS-7 b,1,HATS-7,K2
504,HATS-71 b,1,HATS-71,M3 V
512,HD 100508 b,1,HD 100508,K1 IV
513,HD 100655 b,2,HD 100655,G9 III
514,HD 100777 b,1,HD 100777,G8 V
517,HD 10180 c,1,HD 10180,G1 V
518,HD 10180 d,1,HD 10180,G1 V
519,HD 10180 e,1,HD 10180,G1 V
520,HD 10180 f,1,HD 10180,G1 V
521,HD 10180 g,1,HD 10180,G1 V
522,HD 10180 h,1,HD 10180,G1 V
523,HD 101930 b,2,HD 101930,K1 V
524,HD 102117 b,1,HD 102117,G6 V
525,HD 102195 b,1,HD 102195,K0 V
526,HD 102272 b,1,HD 102272,K0
529,HD 102843 b,1,HD 102843,K0 V
530,HD 102888 b,1,HD 102888,G8 III
533,HD 103720 b,1,HD 103720,K3 V
534,HD 103774 b,2,HD 103774,F5 V
535,HD 103891 b,1,HD 103891,F8 V
536,HD 103949 b,1,HD 103949,K3 V
537,HD 104067 b,1,HD 104067,K2 V
539,HD 10442 b,1,HD 10442,K0 IV
540,HD 104985 b,1,HD 104985,G9 III
543,HD 105779 b,1,HD 105779,G2
544,HD 106252 b,1,HD 106252,G0
545,HD 106270 b,1,HD 106270,G5 IV
546,HD 106315 b,1,HD 106315,F5 V
547,HD 106315 c,1,HD 106315,F5 V
548,HD 10647 b,1,HD 10647,F9 V
549,HD 106515 A b,2,HD 106515 A,G5 V
550,HD 106906 b,1,HD 106906,F5 V
551,HD 10697 b,1,HD 10697,G3 V
555,HD 108202 b,1,HD 108202,K4/5 V
556,HD 108236 b,1,HD 108236,G3 V
557,HD 108236 c,1,HD 108236,G3 V
558,HD 108236 e,1,HD 108236,G3 V
560,HD 108341 b,2,HD 108341,K2 V
562,HD 108874 b,1,HD 108874,G5
563,HD 108874 c,1,HD 108874,G5
564,HD 109246 b,1,HD 109246,G0 V
565,HD 109271 b,1,HD 109271,G5 V
566,HD 109271 c,1,HD 109271,G5 V
567,HD 109286 b,1,HD 109286,G4 V
568,HD 109749 b,2,HD 109749,G3 V
569,HD 10975 b,1,HD 10975,K0 III
573,HD 110014 b,1,HD 110014,K2 III
574,HD 110067 b,3,HD 110067,K0.0 V
575,HD 110067 c,3,HD 110067,K0.0 V
576,HD 110067 d,3,HD 110067,K0.0 V
577,HD 110067 e,3,HD 110067,K0.0 V
578,HD 110067 f,3,HD 110067,K0.0 V
579,HD 110067 g,3,HD 110067,K0.0 V
580,HD 110082 b,2,HD 110082,F8 V
581,HD 110113 b,1,HD 110113,G
582,HD 110113 c,1,HD 110113,G
585,HD 111232 b,1,HD 111232,G5 V
586,HD 111232 c,1,HD 111232,G8 V
588,HD 111998 b,1,HD 111998,F5 V
589,HD 112300 b,1,HD 112300,M1 III
590,HD 112570 b,1,HD 112570,K0 III
591,HD 112640 b,1,HD 112640,K0 III
592,HD 113337 b,3,HD 113337,F6 V
595,HD 113538 b,1,HD 113538,K9 V
596,HD 113538 c,1,HD 113538,K9 V
598,HD 114082 b,1,HD 114082,F3 V
599,HD 114386 b,1,HD 114386,K3 VC
600,HD 114386 c,1,HD 114386,K3 VC
601,HD 114729 b,2,HD 114729,G0 V
602,HD 114783 b,1,HD 114783,K0
603,HD 114783 c,1,HD 114783,K1 V
605,HD 11506 b,1,HD 11506,G0 V
606,HD 11506 c,1,HD 11506,G0 V
607,HD 11506 d,1,HD 11506,G0 V
610,HD 115954 b,1,HD 115954,G5 V
613,HD 117207 b,1,HD 117207,G7 IV-V
614,HD 11755 b,1,HD 11755,G5
615,HD 117618 b,1,HD 117618,G2 V
616,HD 118203 b,1,HD 118203,K0
617,HD 118203 c,1,HD 118203,K0 IV
621,HD 120084 b,1,HD 120084,G7 III
626,HD 124330 b,1,HD 124330,G4 IV
627,HD 12484 b,1,HD 12484,F8
629,HD 125390 b,1,HD 125390,G7 V
630,HD 125595 b,1,HD 125595,K4 V
631,HD 125612 b,2,HD 125612,G3 V
632,HD 125612 c,2,HD 125612,G3 V
633,HD 125612 d,2,HD 125612,G3 V
634,HD 12648 b,1,HD 12648,G5
640,HD 128311 b,1,HD 128311,K0
641,HD 128311 c,1,HD 128311,K0 V
642,HD 128356 b,1,HD 128356,K3 V
644,HD 129445 b,1,HD 129445,G6 V
645,HD 130322 b,1,HD 130322,K0 V
649,HD 132406 b,1,HD 132406,G0 V
651,HD 133131 A b,2,HD 133131 A,G2 V
652,HD 133131 A c,2,HD 133131 A,G2 V
653,HD 133131 B b,2,HD 133131 B,G2 V
654,HD 134060 b,1,HD 134060,G3 IV
655,HD 134060 c,1,HD 134060,G3 IV
661,HD 134987 b,1,HD 134987,G5 V
662,HD 134987 c,1,HD 134987,G5 V
663,HD 135344 A b,2,HD 135344 A,A0 V
664,HD 135625 b,1,HD 135625,G3 IV/V
667,HD 136118 b,1,HD 136118,F7 V
668,HD 136352 b,1,HD 136352,G4 V
669,HD 136352 c,1,HD 136352,G4 V
670,HD 136352 d,1,HD 136352,G4 V
675,HD 137496 b,1,HD 137496,G
676,HD 137496 c,1,HD 137496,G
677,HD 13808 b,1,HD 13808,K2 V
678,HD 13808 c,1,HD 13808,K2 V
679,HD 13908 b,1,HD 13908,F8 V
680,HD 13908 c,1,HD 13908,F8 V
681,HD 13931 b,1,HD 13931,G0
682,HD 139357 b,1,HD 139357,K4 III
684,HD 14067 b,1,HD 14067,G9 III
685,HD 140901 c,1,HD 140901,G7 IV
687,HD 141399 b,1,HD 141399,K0
688,HD 141399 c,1,HD 141399,K0
689,HD 141399 d,1,HD 141399,K0
690,HD 141399 e,1,HD 141399,K0 V
691,HD 141937 b,1,HD 141937,G2/G3 V
693,HD 142 b,2,HD 142,G1 IV
695,HD 142022 A b,2,HD 142022 A,K0
698,HD 143105 b,1,HD 143105,F5
699,HD 143361 b,1,HD 143361,G6 V
704,HD 145675 c,1,14 Her,K0
705,HD 145934 b,1,HD 145934,K0
706,HD 1461 b,1,HD 1461,G0 V
707,HD 1461 c,1,HD 1461,G0 V
708,HD 147018 b,1,HD 147018,G9 V
709,HD 147018 c,1,HD 147018,G9 V
710,HD 147379 b,2,HD 147379,M0.0 V
712,HD 147873 b,2,HD 147873,G1 V
713,HD 147873 c,2,HD 147873,G1 V
715,HD 148164 b,1,HD 148164,F8
716,HD 148164 c,1,HD 148164,F8
717,HD 149026 b,1,HD 149026,G0
718,HD 149143 b,1,HD 149143,G0
720,HD 150010 b,1,HD 150010,K2 III
722,HD 150706 b,1,HD 150706,G0 V
725,HD 152079 b,1,HD 152079,G6 V
727,HD 152843 b,1,HD 152843,G0
728,HD 152843 c,1,HD 152843,G0
729,HD 15337 b,1,HD 15337,K1 V
730,HD 15337 c,1,HD 15337,K1 V
735,HD 154088 b,1,HD 154088,K0 IV-V
736,HD 154345 b,1,HD 154345,G8
737,HD 154391 b,1,HD 154391,K1 III
738,HD 154672 b,1,HD 154672,G3 IV
739,HD 154857 b,1,HD 154857,G5 V
740,HD 154857 c,1,HD 154857,G5 V
741,HD 155193 b,1,HD 155193,F8 IV
742,HD 155358 b,1,HD 155358,G0
743,HD 155358 c,1,HD 155358,G0
748,HD 156279 b,1,HD 156279,G6
750,HD 156411 b,1,HD 156411,F8 IV/V
753,HD 156846 b,2,HD 156846,G0 V
755,HD 158259 b,1,HD 158259,G0
756,HD 158259 c,1,HD 158259,G0
757,HD 158259 d,1,HD 158259,G0
758,HD 158259 e,1,HD 158259,G0
759,HD 158259 f,1,HD 158259,G0
760,HD 158996 b,1,HD 158996,K5 III
761,HD 15906 b,1,HD 15906,K V
762,HD 15906 c,1,HD 15906,K V
763,HD 159243 b,1,HD 159243,G0 V
764,HD 159243 c,1,HD 159243,G0 V
765,HD 159868 b,1,HD 159868,G5 V
766,HD 159868 c,1,HD 159868,G5 V
767,HD 1605 b,1,HD 1605,K1 IV
768,HD 1605 c,1,HD 1605,K1 IV
769,HD 160691 b,1,HD 160691,G5 V
770,HD 160691 c,1,HD 160691,G3 IV-V
771,HD 160691 d,1,HD 160691,G3 IV-V
772,HD 160691 e,1,HD 160691,G3 IV-V
773,HD 161178 b,1,HD 161178,G9 III
775,HD 16175 b,1,HD 16175,G2
776,HD 162020 b,1,HD 162020,K3 V
777,HD 163607 b,1,HD 163607,G5 IV
778,HD 163607 c,1,HD 163607,G5 IV
779,HD 16417 b,2,HD 16417,G1 V
780,HD 164509 b,2,HD 164509,G5 V
781,HD 164595 b,2,HD 164595,G2 V
782,HD 164604 b,1,HD 164604,K3.5 V
783,HD 164604 c,1,HD 164604,K3.5 V
784,HD 164922 b,1,HD 164922,G9 V
785,HD 164922 c,1,HD 164922,G9 V
788,HD 165131 b,1,HD 165131,G3/5 V
789,HD 165155 b,1,HD 165155,G8 V
790,HD 1666 b,1,HD 1666,F7 V
791,HD 166724 b,1,HD 166724,K0 IV-V
792,HD 167042 b,1,HD 167042,K1 IV
793,HD 167677 b,1,HD 167677,G5 V
794,HD 167768 b,1,HD 167768,G8 III
796,HD 168443 b,1,HD 168443,G5
797,HD 168443 c,1,HD 168443,G5
798,HD 168746 b,1,HD 168746,G5
800,HD 1690 b,1,HD 1690,K1 III
801,HD 16905 b,1,HD 16905,K3 V
803,HD 169830 b,1,HD 169830,F8 V
804,HD 169830 c,1,HD 169830,F8 V
805,HD 170469 b,2,HD 170469,G5 IV
806,HD 17092 b,1,HD 17092,K0 III
808,HD 171238 b,1,HD 171238,G8 V
809,HD 17156 b,1,HD 17156,G5
810,HD 173416 b,1,HD 173416,G8
811,HD 174205 b,1,HD 174205,K2
812,HD 175167 b,1,HD 175167,G5 IV/V
813,HD 175541 b,1,HD 175541,G8 IV
814,HD 175607 b,1,HD 175607,G6 V
815,HD 17674 b,1,HD 17674,G0 V
816,HD 176986 b,1,HD 176986,K2.5 V
817,HD 176986 c,1,HD 176986,K2.5 V
818,HD 176986 d,1,HD 176986,K2.5 V
822,HD 178911 B b,3,HD 178911 B,G5
823,HD 179079 b,1,HD 179079,G5 IV
824,HD 179949 b,1,HD 179949,F8 V
826,HD 18015 b,1,HD 18015,G6 IV
828,HD 180617 b,2,HD 180617,M2.5 V
830,HD 181234 b,1,HD 181234,G5
831,HD 181342 b,1,HD 181342,K0 III
834,HD 181433 b,1,HD 181433,K3 IV
835,HD 181433 c,1,HD 181433,K3 IV
836,HD 181433 d,1,HD 181433,K3 IV
837,HD 181720 b,1,HD 181720,G1 V
838,HD 183263 b,1,HD 183263,G2 IV
840,HD 183579 b,1,HD 183579,G2 V
841,HD 184010 b,1,HD 184010,K0 III-IV
842,HD 184010 c,1,HD 184010,K0 III-IV
843,HD 184010 d,1,HD 184010,K0 III-IV
844,HD 18438 b,1,HD 18438,M2.5 III
845,HD 185269 b,3,HD 185269,G0 IV
846,HD 185283 b,1,HD 185283,K3 V
847,HD 18599 b,2,HD 18599,K2 V
848,HD 187085 b,1,HD 187085,G0 V
849,HD 187123 b,1,HD 187123,G3 V
852,HD 188015 b,2,HD 188015,G5 IV
854,HD 189567 b,1,HD 189567,G3 V
855,HD 189567 c,1,HD 189567,G3 V
856,HD 189733 b,2,HD 189733,K0-2 V
857,HD 190007 b,1,HD 190007,K4 V
858,HD 190228 b,1,HD 190228,G5 IV
859,HD 190360 b,2,HD 190360,G
860,HD 190360 c,2,HD 190360,G6 IV
862,HD 190984 b,1,HD 190984,F8 V
863,HD 191806 b,1,HD 191806,K0
864,HD 191939 b,1,HD 191939,G9 V
865,HD 191939 c,1,HD 191939,G8 V
866,HD 191939 d,1,HD 191939,G8 V
867,HD 191939 e,1,HD 191939,G9 V
868,HD 191939 f,1,HD 191939,G9 V
869,HD 191939 g,1,HD 191939,G9 V
870,HD 192263 b,1,HD 192263,K0 V
873,HD 192699 b,1,HD 192699,G8 IV
875,HD 195019 b,2,HD 195019,G3 V/IV
876,HD 196050 b,3,HD 196050,G4 V
877,HD 196067 b,2,HD 196067,G1 V
878,HD 196067 c,2,HD 196067,G0 V
879,HD 19615 b,1,HD 19615,K0
880,HD 196885 A b,2,HD 196885 A,F8 V
881,HD 197037 b,2,HD 197037,F7 V
883,HD 19994 b,3,HD 19994,F8 V
884,HD 20003 b,1,HD 20003,G8 V
885,HD 20003 c,1,HD 20003,G8 V
888,HD 202206 c,2,HD 202206,G6 V
889,HD 202696 b,1,HD 202696,K0 III-IV
890,HD 202696 c,1,HD 202696,K0 III-IV
892,HD 203030 b,1,HD 203030,G8 V
896,HD 2039 b,1,HD 2039,G2/G3 IV/V
897,HD 204313 b,1,HD 204313,G5 V
898,HD 204313 c,1,HD 204313,G5 V
899,HD 204313 e,1,HD 204313,G5 V
903,HD 206255 b,1,HD 206255,G5 IV/V
905,HD 206893 b,1,HD 206893,F5 V
906,HD 206893 c,1,HD 206893,F5 V
907,HD 207496 b,1,HD 207496,K2.5 V
908,HD 20781 b,2,HD 20781,K0 V
909,HD 20781 c,2,HD 20781,K0 V
910,HD 20781 d,2,HD 20781,K0 V
911,HD 20781 e,2,HD 20781,K0 V
913,HD 207832 b,3,HD 207832,G5 V
915,HD 207897 b,1,HD 207897,K0 V
916,HD 20794 b,1,HD 20794,G6 V
917,HD 20794 d,1,HD 20794,G8
918,HD 20794 f,1,HD 20794,G6 V
919,HD 208487 b,1,HD 208487,G2 V
920,HD 208527 b,1,HD 208527,M1 III
921,HD 20868 b,1,HD 20868,K3/4 IV
922,HD 208897 b,1,HD 208897,K0
923,HD 209458 b,1,HD 209458,G0 V
924,HD 210193 b,1,HD 210193,G3 V
925,HD 210277 b,1,HD 210277,G0 V
926,HD 210702 b,1,HD 210702,K1 IV
927,HD 211403 b,1,HD 211403,F7 V
928,HD 211810 b,1,HD 211810,G5
929,HD 211970 b,1,HD 211970,K7 V
932,HD 213240 b,2,HD 213240,G0/1 V
935,HD 213885 b,1,HD 213885,G
936,HD 213885 c,1,HD 213885,G
937,HD 21411 b,1,HD 21411,G8 V
938,HD 214823 b,2,HD 214823,G0
939,HD 215152 b,1,HD 215152,K3 V
940,HD 215152 c,1,HD 215152,K3 V
941,HD 215152 d,1,HD 215152,K3 V
942,HD 215152 e,1,HD 215152,K3 V
944,HD 215497 b,1,HD 215497,K3 V
945,HD 215497 c,1,HD 215497,K3 V
947,HD 216437 b,1,HD 216437,G1 V
950,HD 216536 b,1,HD 216536,K0
952,HD 21693 b,1,HD 21693,G8 V
953,HD 21693 c,1,HD 21693,G8 V
954,HD 217107 b,1,HD 217107,G8 IV
955,HD 217107 c,1,HD 217107,G8 IV
956,HD 21749 c,1,GJ 143,K4.5
957,HD 217786 b,2,HD 217786,F8 V
961,HD 219077 b,1,HD 219077,G8 V
962,HD 219134 b,1,HD 219134,K3 V
963,HD 219134 c,1,HD 219134,K3 V
964,HD 219134 d,1,HD 219134,K3 V
965,HD 219134 h,1,HD 219134,K3 V
966,HD 219139 b,1,HD 219139,G5 III
967,HD 219415 b,1,HD 219415,K0 III
968,HD 219666 b,1,HD 219666,G5 V
969,HD 219828 b,1,HD 219828,G0 IV
970,HD 219828 c,1,HD 219828,G0 IV
971,HD 220074 b,1,HD 220074,M2 III
973,HD 220689 b,1,HD 220689,G3 V
974,HD 220773 b,1,HD 220773,F9
975,HD 220842 b,2,HD 220842,F8
978,HD 221420 b,1,HD 221420,G2 IV-V
979,HD 221585 b,1,HD 221585,G8 IV
980,HD 222076 b,1,HD 222076,K0 III
981,HD 222155 b,1,HD 222155,G2 V
982,HD 222237 b,1,HD 222237,K3 V
984,HD 224018 b,1,HD 224018,G V
985,HD 224018 c,1,HD 224018,G V
986,HD 224018 d,1,HD 224018,G V
987,HD 224538 b,1,HD 224538,F8/G0 IV/V
988,HD 224693 b,1,HD 224693,G2 V
990,HD 22532 b,1,HD 22532,G8 III/IV
991,HD 22781 b,1,HD 22781,K1
993,HD 23079 b,1,HD 23079,F9.5 V
994,HD 23079 c,1,HD 23079,F9.5 V
995,HD 23127 b,1,HD 23127,G2 V
996,HD 231701 b,1,HD 231701,F8 V
997,HD 233604 b,1,HD 233604,K5
999,HD 23472 b,1,HD 23472,K4 V
1000,HD 23472 c,1,HD 23472,K4 V
1001,HD 23472 d,1,HD 23472,K4 V
1002,HD 23472 e,1,HD 23472,K4 V
1003,HD 23472 f,1,HD 23472,K4 V
1004,HD 235088 b,1,HD 235088,K2 V
1005,HD 23596 b,2,HD 23596,F8
1006,HD 238090 b,1,HD 238090,M0.0 V
1008,HD 240210 b,1,HD 240210,K3 III
1009,HD 240237 b,1,HD 240237,K2 III
1012,HD 24064 b,1,HD 24064,K0
1013,HD 24085 b,1,HD 24085,G0 V
1014,HD 25015 b,1,HD 25015,K2 V
1015,HD 25171 b,2,HD 25171,F8 V
1018,HD 25723 b,1,HD 25723,K1 III
1021,HD 260655 b,1,HD 260655,M0 V
1022,HD 260655 c,1,HD 260655,M0 V
1024,HD 2638 b,3,HD 2638,K1 V
1027,HD 27631 b,1,HD 27631,G3 IV/V
1028,HD 27894 b,1,HD 27894,K2 V
1029,HD 27894 c,1,HD 27894,K2 V
1030,HD 27894 d,1,HD 27894,K2 V
1031,HD 27969 b,1,HD 27969,G0 V
1032,HD 28109 b,1,HD 28109,F8/G0 V
1033,HD 28109 c,1,HD 28109,F8/G0 V
1034,HD 28109 d,1,HD 28109,F8
1035,HD 28185 b,1,HD 28185,G5
1038,HD 28254 b,2,HD 28254,G1 IV/V
1040,HD 28471 b,1,HD 28471,G5 V
1041,HD 28471 c,1,HD 28471,G5 V
1042,HD 28471 d,1,HD 28471,G5 V
1043,HD 285507 b,1,HD 285507,K4.5 V
1044,HD 285968 b,1,HD 285968,M2 V
1046,HD 29021 b,1,HD 29021,G5
1047,HD 290327 b,1,HD 290327,G8 V
1048,HD 29399 b,1,HD 29399,K1 III
1049,HD 2952 b,1,HD 2952,K0 III
1053,HD 30562 b,1,HD 30562,G2 IV
1054,HD 30669 b,1,HD 30669,G9 V
1057,HD 31527 b,1,HD 31527,G2 V
1058,HD 31527 c,1,HD 31527,G2 V
1059,HD 31527 d,1,HD 31527,G2 V
1060,HD 3167 b,1,HD 3167,K0 V
1061,HD 3167 c,1,HD 3167,K0 V
1062,HD 3167 d,1,HD 3167,K0 V
1064,HD 32518 b,1,HD 32518,K1 III
1065,HD 32963 b,1,HD 32963,G5 IV
1066,HD 330075 b,1,HD 330075,K1
1067,HD 331093 b,1,HD 331093,K0
1068,HD 33142 b,1,HD 33142,K0 III
1069,HD 33142 c,1,HD 33142,K0 III
1070,HD 33142 d,1,HD 33142,K0 III
1071,HD 332231 b,1,HD 332231,F8
1072,HD 33283 b,2,HD 33283,G3 V
1073,HD 33564 b,1,HD 33564,F6 V
1074,HD 33844 b,1,HD 33844,K0 III
1075,HD 34445 b,1,HD 34445,G0 V
1076,HD 34445 c,1,HD 34445,G0 V
1077,HD 34445 d,1,HD 34445,G0 V
1078,HD 34445 e,1,HD 34445,G0 V
1079,HD 34445 f,1,HD 34445,G0 V
1080,HD 34445 g,1,HD 34445,G0 V
1081,HD 35759 b,1,HD 35759,G0
1084,HD 360 b,1,HD 360,G8 III
1085,HD 36384 b,1,HD 36384,M0 III
1086,HD 3651 b,1,HD 3651,K0 V
1087,HD 37124 b,1,HD 37124,G4 IV-V
1088,HD 37124 c,1,HD 37124,G4 V
1089,HD 37124 d,1,HD 37124,G4 IV-V
1090,HD 37605 b,1,HD 37605,K0
1091,HD 37605 c,1,HD 37605,K0
1094,HD 38529 b,2,HD 38529,G4 IV
1095,HD 38529 c,2,HD 38529,G4 IV
1096,HD 38801 b,1,HD 38801,K0
1097,HD 39091 b,1,HD 39091,G0 V
1098,HD 39194 b,1,HD 39194,K0 V
1099,HD 39194 c,1,HD 39194,K0 V
1100,HD 39194 d,1,HD 39194,K0 V
1101,HD 39855 b,1,HD 39855,G8 V
1102,HD 40307 b,1,HD 40307,K2.5 V
1103,HD 40307 c,1,HD 40307,K2.5 V
1104,HD 40307 d,1,HD 40307,K3 V
1105,HD 40307 f,1,HD 40307,K3 V
1107,HD 40979 b,3,HD 40979,F8 V
1109,HD 41004 B b,2,HD 41004 B,M2 V
1110,HD 4113 b,3,HD 4113,G5 V
1111,HD 42012 b,1,HD 42012,K0
1115,HD 42618 b,1,HD 42618,G4 V
1118,HD 43197 b,1,HD 43197,G8 V
1120,HD 43691 b,3,HD 43691,G0
1121,HD 44219 b,1,HD 44219,G3 V
1122,HD 45184 b,1,HD 45184,G1.5 V
1123,HD 45184 c,1,HD 45184,G1.5 V
1124,HD 45350 b,1,HD 45350,G5 V
1125,HD 45364 b,1,HD 45364,K0 V
1126,HD 45364 c,1,HD 45364,K0 V
1127,HD 45652 b,1,HD 45652,G8-K0
1129,HD 46375 b,2,HD 46375,K1 IV-V
1132,HD 4732 b,2,HD 4732,K0 IV
1133,HD 4732 c,2,HD 4732,K0 IV
1134,HD 47366 b,1,HD 47366,K1 III
1135,HD 47366 c,1,HD 47366,K1 III
1136,HD 47536 b,1,HD 47536,K1 III
1138,HD 48265 b,1,HD 48265,G5 IV/V
1139,HD 48265 c,1,HD 48265,G5 IV/V
1140,HD 48948 b,1,HD 48948,K3 V
1141,HD 48948 c,1,HD 48948,K3 V
1142,HD 48948 d,1,HD 48948,K3 V
1144,HD 49674 b,1,HD 49674,G5 V
1145,HD 50499 b,1,HD 50499,G1 V
1146,HD 50499 c,1,HD 50499,G1 V
1147,HD 50554 b,1,HD 50554,F8 V
1148,HD 51608 b,1,HD 51608,G7 V
1149,HD 51608 c,1,HD 51608,G7 V
1151,HD 5278 b,1,HD 5278,F V
1152,HD 5278 c,1,HD 5278,F V
1153,HD 5319 b,1,HD 5319,K3 IV
1154,HD 5319 c,1,HD 5319,K3 IV
1155,HD 55696 b,1,HD 55696,G0 V
1157,HD 5608 b,2,HD 5608,K0 IV
1158,HD 564 b,1,HD 564,G2/G3 V
1162,HD 59686 A b,2,HD 59686 A,K2 III
1163,HD 60292 b,1,HD 60292,K0 III
1164,HD 60532 b,1,HD 60532,F6 IV
1165,HD 60532 c,1,HD 60532,F6 IV
1167,HD 62364 b,1,HD 62364,F7 V
1170,HD 63433 b,1,HD 63433,G5 V
1171,HD 63433 c,1,HD 63433,G5 V
1172,HD 63433 d,1,HD 63433,G5 V
1173,HD 63454 b,1,HD 63454,K4 V
1174,HD 63765 b,1,HD 63765,G9 V
1177,HD 64114 b,1,HD 64114,G7 V
1178,HD 64121 b,1,HD 64121,G8/K0 III
1180,HD 65216 b,3,HD 65216,G5 V
1182,HD 66141 b,1,HD 66141,K2 III
1185,HD 67087 b,1,HD 67087,F8 V
1186,HD 67087 c,1,HD 67087,F8 V
1187,HD 68402 b,1,HD 68402,G5 IV/V
1188,HD 68475 b,1,HD 68475,K2 VC
1189,HD 6860 b,1,HD 6860,M0 III
1190,HD 68988 b,1,HD 68988,G2 V
1192,HD 69123 b,1,HD 69123,K1 III
1196,HD 70573 b,1,HD 70573,G1-1.5 V
1197,HD 70642 b,1,HD 70642,G6 V
1200,HD 72659 b,1,HD 72659,G2 V
1201,HD 72659 c,1,HD 72659,G2 V
1202,HD 72892 b,1,HD 72892,G5 V
1203,HD 73256 c,1,HD 73256,G8 IV
1204,HD 73267 b,1,HD 73267,G5 V
1205,HD 73267 c,1,HD 73267,K0 V
1206,HD 73344 b,1,HD 73344,F6 V
1210,HD 73534 b,1,HD 73534,G5
1211,HD 73583 b,1,HD 73583,K4
1212,HD 73583 c,1,HD 73583,K4
1213,HD 74156 b,1,HD 74156,G0
1214,HD 74156 c,1,HD 74156,G0
1216,HD 74698 b,1,HD 74698,G5 V
1217,HD 74698 c,1,HD 74698,G5 V
1218,HD 75289 b,2,HD 75289,G0
1219,HD 75302 b,1,HD 75302,G5 V
1220,HD 75784 b,1,HD 75784,G5
1221,HD 75784 c,1,HD 75784,G5
1222,HD 75898 b,1,HD 75898,G0 V
1223,HD 75898 c,1,HD 75898,F8 V
1225,HD 76920 b,1,HD 76920,K1 III
1227,HD 77946 b,1,HD 77946,F5
1228,HD 79181 b,1,HD 79181,G8 III
1229,HD 7924 b,1,HD 7924,K0.5 V
1230,HD 7924 c,1,HD 7924,K0.5 V
1231,HD 7924 d,1,HD 7924,K0.5 V
1232,HD 79498 b,2,HD 79498,G5
1233,HD 80606 b,2,HD 80606,G5
1234,HD 80653 b,1,HD 80653,G2
1235,HD 80869 b,1,HD 80869,G1 V
1238,HD 81040 b,1,HD 81040,G2/G3
1239,HD 81688 b,1,HD 81688,K0 III-IV
1240,HD 81817 b,1,HD 81817,K3 III
1245,HD 8326 b,1,HD 8326,K2 V
1246,HD 83443 b,1,HD 83443,K0 V
1247,HD 83443 c,1,HD 83443,K0 V
1248,HD 8535 b,2,HD 8535,G0 V
1251,HD 8574 b,1,HD 8574,F8
1253,HD 86081 b,2,HD 86081,F8
1254,HD 86226 b,1,HD 86226,G2 V
1255,HD 86226 c,1,HD 86226,G1 V
1256,HD 86264 b,1,HD 86264,F7 V
1259,HD 86950 b,1,HD 86950,K1 III
1260,HD 87646 b,3,HD 87646,G
1261,HD 87816 b,1,HD 87816,K0 III
1262,HD 87816 c,1,HD 87816,K0 III
1263,HD 87883 b,1,HD 87883,K0
1265,HD 88133 b,1,HD 88133,G5
1266,HD 88986 b,1,HD 88986,G2 V
1267,HD 89307 b,1,HD 89307,G0 V
1268,HD 89345 b,1,HD 89345,G5
1269,HD 89744 b,2,HD 89744,F7 V
1270,HD 89839 b,1,HD 89839,F7 V
1272,HD 9174 b,1,HD 9174,G8 IV
1273,HD 92788 b,1,HD 92788,G5 V
1274,HD 92788 c,1,HD 92788,G6 V
1275,HD 93083 b,1,HD 93083,K2 IV-V
1278,HD 93385 b,1,HD 93385,G2/G3 V
1279,HD 93385 c,1,HD 93385,G2/G3 V
1280,HD 93385 d,1,HD 93385,G2/G3 V
1281,HD 93963 A b,2,HD 93963 A,G0 V
1282,HD 93963 A c,2,HD 93963 A,G0 V
1283,HD 9446 b,1,HD 9446,G5 V
1284,HD 9446 c,1,HD 9446,G5 V
1285,HD 94771 b,1,HD 94771,G3/G5 V
1287,HD 94890 b,1,HD 94890,K0 III
1288,HD 94890 c,1,HD 94890,K0 III
1289,HD 95086 b,1,HD 95086,A8 III
1292,HD 95127 b,1,HD 95127,K0
1293,HD 95338 b,1,HD 95338,K0.5 V
1294,HD 95544 b,1,HD 95544,G3 V
1296,HD 95872 b,1,HD 95872,K0 V
1298,HD 96127 b,1,HD 96127,K2 III
1299,HD 96167 b,2,HD 96167,G5
1300,HD 96700 b,1,HD 96700,G0 V
1301,HD 96700 c,1,HD 96700,G0 V
1302,HD 96700 d,1,HD 96700,G0 V
1305,HD 97048 b,1,HD 97048,Be9.5/AO
1306,HD 97658 b,1,HD 97658,K1 V
1308,HD 98649 b,1,HD 98649,G4 V
1311,HD 99283 b,1,HD 99283,K0 III
1312,HD 99492 b,2,HD 99492,K2 V
1313,HD 99492 c,2,HD 99492,K2 V
1316,HIP 105854 b,1,HIP 105854,K2 III
1317,HIP 107772 b,1,HIP 107772,M0 V
1318,HIP 107773 b,1,HIP 107773,K1 III
1319,HIP 109384 b,1,HIP 109384,G5
1320,HIP 109600 b,2,HIP 109600,G5
1321,HIP 111909 b,1,HIP 111909,K1 III
1322,HIP 111909 c,1,HIP 111909,K1 III
1325,HIP 114933 b,1,HIP 114933,K0 III
1326,HIP 116454 b,2,HIP 116454,K1
1328,HIP 14810 b,1,HIP 14810,G5 V
1329,HIP 14810 c,1,HIP 14810,G5 V
1330,HIP 14810 d,1,HIP 14810,G5 V
1331,HIP 18606 b,1,HIP 18606,K0/1 III
1333,HIP 21152 b,2,HIP 21152,F5 V
1336,HIP 34222 b,1,HIP 34222,K7 V
1337,HIP 35173 b,1,HIP 35173,K2 V
1339,HIP 38594 b,2,HIP 38594,M0
1340,HIP 38594 c,2,HIP 38594,M0
1341,HIP 39017 b,1,HIP 39017,A9/F0
1349,HIP 48714 b,1,HIP 48714,M0.5 Ve
1352,HIP 54373 b,1,HIP 54373,K5 V
1353,HIP 54373 c,1,HIP 54373,K5 V
1354,HIP 54515 b,1,HIP 54515,A5 V
1355,HIP 54597 b,1,HIP 54597,K5 V
1357,HIP 56640 b,1,HIP 56640,K1 III
1358,HIP 57274 b,1,HIP 57274,K4 V
1359,HIP 57274 c,1,HIP 57274,K4 V
1360,HIP 57274 d,1,HIP 57274,K4 V
1361,HIP 5763 b,1,HIP 5763,K6 V
1362,HIP 63242 b,1,HIP 63242,G8
1363,HIP 65 A b,2,HIP 65 A,K4 V
1364,HIP 65407 b,1,HIP 65407,K0
1365,HIP 65407 c,1,HIP 65407,K0
1366,HIP 65426 b,1,HIP 65426,A2 V
1370,HIP 67537 b,1,HIP 67537,K1 III
1371,HIP 67851 b,1,HIP 67851,K0 III
1372,HIP 67851 c,1,HIP 67851,K0 III
1373,HIP 70849 b,2,HIP 70849,K7 V
1374,HIP 71135 b,1,HIP 71135,M1
1375,HIP 74890 b,1,HIP 74890,K1 III
1376,HIP 75092 b,1,HIP 75092,K0 III
1378,HIP 78530 b,1,HIP 78530,B9 V
1380,HIP 79431 b,1,HIP 79431,M3 V
1381,HIP 81208 C b,3,HIP 81208 C,M
1384,HIP 8541 b,2,HIP 8541,K2 III/IV
1385,HIP 86221 b,1,HIP 86221,K5 V
1386,HIP 91258 b,1,HIP 91258,G5 V
1387,HIP 94235 b,2,HIP 94235,G V
1391,HIP 97166 b,1,HIP 97166,K0 V
1392,HIP 97166 c,1,HIP 97166,K0 V
1393,HIP 97233 b,1,HIP 97233,K0
1394,HIP 99770 b,1,HIP 99770,A5-A6
1395,HN Lib b,1,HN Lib,M4.0 V
1396,HN Peg b,1,HN Peg,G0 V
1397,HR 2562 b,1,HR 2562,F5 V
1398,HR 5183 b,2,HR 5183,G0 V
1403,HR 8799 b,1,HR 8799,A5 V
1404,HR 8799 c,1,HR 8799,A5 V
1405,HR 8799 d,1,HR 8799,A5 V
1406,HR 8799 e,1,HR 8799,A5
1407,HS Psc b,1,HS Psc,K7 V
1411,K2-100 b,1,K2-100,G0 V
1415,K2-105 b,1,K2-105,K1
1416,K2-107 b,1,K2-107,F9 IV
1419,K2-110 b,1,K2-110,K3 V
1420,K2-111 b,1,K2-111,G2
1421,K2-111 c,1,K2-111,G2
1422,K2-113 b,1,K2-113,G
1426,K2-117 b,1,K2-117,M1.0 V
1427,K2-117 c,1,K2-117,M1.0 V
1444,K2-133 b,1,K2-133,M1.5 V
1445,K2-133 c,1,K2-133,M1 V
1446,K2-133 d,1,K2-133,M1.5 V
1447,K2-133 e,1,K2-133,M1.5 V
1448,K2-136 b,2,K2-136,K5.5
1449,K2-136 c,2,K2-136,K5.5
1450,K2-136 d,2,K2-136,K5.5
1451,K2-137 b,1,K2-137,M3 V
1452,K2-138 b,1,K2-138,G8 V
1453,K2-138 c,1,K2-138,G8 V
1454,K2-138 d,1,K2-138,K1 V
1455,K2-138 e,1,K2-138,K1 V
1456,K2-138 f,1,K2-138,K1 V
1457,K2-138 g,1,K2-138,G8 V
1458,K2-139 b,1,K2-139,K0 V
1460,K2-140 b,1,K2-140,G6 V
1461,K2-141 b,1,K2-141,K7 V
1463,K2-146 b,1,K2-146,M3.0 V
1464,K2-146 c,1,K2-146,M3.0 V
1469,K2-149 b,1,K2-149,M1.0 V
1471,K2-150 b,1,K2-150,M2.5 V
1472,K2-151 b,2,K2-151,M1.5 V
1473,K2-152 b,1,K2-152,M0.0 V
1474,K2-153 b,1,K2-153,M3.0 V
1475,K2-154 b,1,K2-154,M0.0 V
1476,K2-154 c,1,K2-154,M0.0 V
1481,K2-157 b,1,K2-157,G9 V
1482,K2-157 c,1,K2-157,G9 V
1483,K2-157 d,1,K2-157,G9 V
1487,K2-16 b,1,K2-16,K3 V
1488,K2-16 c,1,K2-16,K3 V
1514,K2-18 b,1,K2-18,M2.5 V
1515,K2-180 b,1,K2-180,K2 V
1533,K2-19 b,1,K2-19,G9 V
1534,K2-19 c,1,K2-19,G9
1535,K2-19 d,1,K2-19,G9 V
1563,K2-21 b,1,K2-21,M0.0
1564,K2-21 c,1,K2-21,M0.0
1571,K2-216 b,1,K2-216,K5 V
1577,K2-22 b,2,K2-22,M0 V
1580,K2-222 b,1,K2-222,G0
1594,K2-233 b,1,K2-233,K3
1595,K2-233 c,1,K2-233,K3
1596,K2-233 d,1,K2-233,K3
1597,K2-237 b,1,K2-237,F9 V
1598,K2-238 b,1,K2-238,G2 V
1599,K2-239 b,1,K2-239,M3.0 V
1600,K2-239 c,1,K2-239,M3.0 V
1601,K2-239 d,1,K2-239,M3.0 V
1602,K2-24 b,1,K2-24,G3
1603,K2-24 c,1,K2-24,G9 V
1604,K2-240 b,1,K2-240,M0.5 V
1605,K2-240 c,1,K2-240,M0.5 V
1617,K2-25 b,1,K2-25,M4.5
1628,K2-26 b,1,K2-26,M1 V
1629,K2-260 b,1,K2-260,F6 V
1630,K2-261 b,1,K2-261,G7 IV/V
1631,K2-263 b,1,K2-263,G9 V
1632,K2-264 b,1,K2-264,M2.5 V
1633,K2-264 c,1,K2-264,M2.5 V
1634,K2-265 b,2,K2-265,G8 V
1658,K2-28 b,1,K2-28,M4
1664,K2-285 b,1,K2-285,K2 V
1665,K2-285 c,1,K2-285,K2 V
1666,K2-285 d,1,K2-285,K2 V
1667,K2-285 e,1,K2-285,K2 V
1668,K2-286 b,1,K2-286,M0 V
1670,K2-288 B b,2,K2-288 B,M3 V
1672,K2-29 b,2,K2-29,G7 V
1676,K2-292 b,1,K2-292,G3 V
1679,K2-295 b,1,K2-295,K5 V
1680,K2-3 b,1,K2-3,M0 V
1681,K2-3 c,1,K2-3,M0.0&plusmn;0.5 V
1682,K2-3 d,1,K2-3,M V
1683,K2-30 b,1,K2-30,G6 V
1685,K2-31 b,2,K2-31,G7 V
1687,K2-315 b,1,K2-315,M(3.5+/-0.5) V
1693,K2-32 b,2,K2-32,G9 V
1694,K2-32 c,2,K2-32,G9 V
1695,K2-32 d,2,K2-32,G9 V
1705,K2-33 b,1,K2-33,M3
1717,K2-34 b,1,K2-34,F9 V
1730,K2-35 b,1,K2-35,K4 V
1731,K2-35 c,1,K2-35,K4 V
1744,K2-36 b,1,K2-36,K2 V
1745,K2-36 c,1,K2-36,K2 V
1754,K2-37 b,1,K2-37,G3 V
1755,K2-37 c,1,K2-37,G3 V
1756,K2-37 d,1,K2-37,G3 V
1757,K2-370 b,1,K2-370,G5 V
1768,K2-38 b,1,K2-38,G2 V
1769,K2-38 c,1,K2-38,G2 V
1776,K2-384 b,1,K2-384,M4 V
1777,K2-384 c,1,K2-384,M4 V
1778,K2-384 d,1,K2-384,M4 V
1779,K2-384 e,1,K2-384,M4 V
1780,K2-384 f,1,K2-384,M4 V
1818,K2-415 b,1,K2-415,M5 V
1819,K2-416 b,1,K2-416,M V
1820,K2-417 b,1,K2-417,M V
1831,K2-5 b,1,K2-5,K7.5 V
1832,K2-5 c,1,K2-5,K7.5 V
1845,K2-60 b,1,K2-60,G4 V
1869,K2-79 b,1,K2-79,G1
1870,K2-8 b,1,K2-8,K3 V
1871,K2-8 c,1,K2-8,K3 V
1885,K2-9 b,1,K2-9,M2.5 V
1889,K2-95 b,1,K2-95,M3.0
1891,K2-98 b,1,K2-98,F8 V
1892,K2-99 b,1,K2-99,G0 IV
1895,KELT-10 b,1,KELT-10,G0 V
1898,KELT-14 b,1,KELT-14,G4
1900,KELT-16 b,2,KELT-16,F7 V
1901,KELT-17 b,1,KELT-17,A
1902,KELT-18 b,2,KELT-18,F4 V
1903,KELT-19 A b,2,KELT-19 A,A8 V
1905,KELT-20 b,1,KELT-20,A2 V
1906,KELT-21 b,1,KELT-21,A8 V
1907,KELT-23 A b,2,KELT-23 A,G2 V
1908,KELT-24 b,2,KELT-24,F7
1910,KELT-4 A b,3,KELT-4 A,F
1911,KELT-6 b,1,KELT-6,F8
1913,KELT-7 b,1,KELT-7,F
1914,KELT-8 b,1,KELT-8,G2 V
1915,KELT-9 b,2,KELT-9,B9.5-A0
1922,KIC 7917485 b,1,KIC 7917485,A
1930,KMT-2016-BLG-1337L b,2,KMT-2016-BLG-1337L,M
1962,KMT-2018-BLG-1990L b,1,KMT-2018-BLG-1990L,M
1985,KMT-2020-BLG-0414L b,1,KMT-2020-BLG-0414L,WD
1986,KMT-2020-BLG-0414L c,1,KMT-2020-BLG-0414L,WD
1998,KMT-2021-BLG-0912L b,1,KMT-2021-BLG-0912L,K
1999,KMT-2021-BLG-1077L b,1,KMT-2021-BLG-1077L,M V
2000,KMT-2021-BLG-1077L c,1,KMT-2021-BLG-1077L,M V
2026,KMT-2023-BLG-0119L b,1,KMT-2023-BLG-0119L,K2.5 V
2039,KMT-2023-BLG-1896L b,1,KMT-2023-BLG-1896L,K6 V
2043,KMT-2024-BLG-0404L b,1,KMT-2024-BLG-0404L,M
2044,KMT-2024-BLG-0404L c,1,KMT-2024-BLG-0404L,M
2047,KMT-2024-BLG-1209L b,1,KMT-2024-BLG-1209L,K3 V
2056,KMT-2025-BLG-1616L b,1,KMT-2025-BLG-1616L,M V
2057,KOBE-1 b,1,KOBE-1,K7 V
2058,KOBE-1 c,1,KOBE-1,K7 V
2060,KOI-1257 b,2,KOI-1257,G5 V
2062,KOI-134 b,1,KOI-134,F9V
2063,KOI-134 c,1,KOI-134,F9V
2086,KOI-4978 b,1,KOI-4978,G
2088,KOI-7913 b,2,KOI-7913 A,K6 V
2095,KOINTREAU-1 b,1,XEST 17-036,M4
2096,KOINTREAU-3 b,1,ISO-Oph 96,K6-M1
2097,KOINTREAU-4 b,1,2MASS J16262785-2625152,M4.5
2098,KPS-1 b,1,KPS-1,K1 V
2117,Kepler-101 b,1,Kepler-101,G3 IV
2118,Kepler-101 c,1,Kepler-101,G3 IV
2145,Kepler-103 b,1,Kepler-103,G2
2146,Kepler-103 c,1,Kepler-103,G2
2304,Kepler-114 b,1,Kepler-114,M0 V
2305,Kepler-114 c,1,Kepler-114,M0 V
2306,Kepler-114 d,1,Kepler-114,M0 V
2345,Kepler-117 b,1,Kepler-117,F8 V
2346,Kepler-117 c,1,Kepler-117,F8 V
2383,Kepler-120 b,1,Kepler-120,M0 V
2384,Kepler-120 c,1,Kepler-120,M0 V
2448,Kepler-125 b,1,Kepler-125,M1 V
2501,Kepler-129 b,1,Kepler-129,G4 V
2502,Kepler-129 c,1,Kepler-129,G4 V
2503,Kepler-129 d,1,Kepler-129,G4 V
2626,Kepler-138 c,1,Kepler-138,M1 V
2627,Kepler-138 d,1,Kepler-138,M1 V
2775,Kepler-1489 c,1,Kepler-1489,G
2811,Kepler-1513 b,1,Kepler-1513,G V
2812,Kepler-1513 c,1,Kepler-1513,G V
2865,Kepler-155 b,1,Kepler-155,M0 V
2904,Kepler-158 d,1,Kepler-158,K
2915,Kepler-159 b,1,Kepler-159,M0 V
2916,Kepler-159 c,1,Kepler-159,M0 V
2961,Kepler-1624 b,1,Kepler-1624,M V
3001,Kepler-1654 b,1,Kepler-1654,G5 V
3002,Kepler-1655 b,1,Kepler-1655,G0 V
3008,Kepler-1660 AB b,2,Kepler-1660 A,F7 V
3009,Kepler-1661 b,2,Kepler-1661,K
3020,Kepler-167 b,2,Kepler-167,K4
3021,Kepler-167 c,2,Kepler-167,K4
3022,Kepler-167 d,2,Kepler-167,K4
3023,Kepler-167 e,2,Kepler-167,K4
3268,Kepler-186 b,1,Kepler-186,M1 V
3269,Kepler-186 c,1,Kepler-186,M1 V
3270,Kepler-186 d,1,Kepler-186,M1 V
3271,Kepler-186 e,1,Kepler-186,M1
3474,Kepler-205 b,1,Kepler-205,M1 V
3475,Kepler-205 c,1,Kepler-205,M1 V
3488,Kepler-21 b,2,Kepler-21,F6 IV
3489,Kepler-210 b,1,Kepler-210,M0 V
3490,Kepler-210 c,1,Kepler-210,M0 V
3514,Kepler-22 b,1,Kepler-22,G5 V
3534,Kepler-225 b,1,Kepler-225,M1 V
3535,Kepler-225 c,1,Kepler-225,M1 V
3553,Kepler-231 c,1,Kepler-231,M1 V
3560,Kepler-235 b,1,Kepler-235,M0 V
3562,Kepler-235 d,1,Kepler-235,M0 V
3563,Kepler-235 e,1,Kepler-235,M0 V
3565,Kepler-236 c,1,Kepler-236,M1 V
3601,Kepler-249 b,1,Kepler-249,M2 V
3602,Kepler-249 c,1,Kepler-249,M2 V
3603,Kepler-249 d,1,Kepler-249,M2 V
3604,Kepler-25 b,2,Kepler-25,F8
3605,Kepler-25 c,2,Kepler-25,F8
3606,Kepler-25 d,2,Kepler-25,F8
3615,Kepler-252 c,1,Kepler-252,M0 V
3636,Kepler-26 b,1,Kepler-26,M0 V
3637,Kepler-26 c,1,Kepler-26,M0 V
3638,Kepler-26 d,1,Kepler-26,M0 V
3656,Kepler-267 b,1,Kepler-267,M1 V
3686,Kepler-278 b,1,Kepler-278,K2 III-IV
3687,Kepler-278 c,1,Kepler-278,K2 III-IV
3692,Kepler-28 b,1,Kepler-28,M0 V
3693,Kepler-28 c,1,Kepler-28,M0 V
3741,Kepler-296 b,2,Kepler-296,M2 V
3742,Kepler-296 c,2,Kepler-296,M2 V
3743,Kepler-296 d,2,Kepler-296,M2 V
3766,Kepler-303 b,1,Kepler-303,M0 V
3784,Kepler-309 b,1,Kepler-309,M0 V
3785,Kepler-309 c,1,Kepler-309,M0 V
3812,Kepler-32 b,1,Kepler-32,M1 V
3813,Kepler-32 c,1,Kepler-32,M1 V
3814,Kepler-32 d,1,Kepler-32,M1 V
3815,Kepler-32 e,1,Kepler-32,M1 V
3816,Kepler-32 f,1,Kepler-32,M1 V
3975,Kepler-38 b,2,Kepler-38,G4 V
3998,Kepler-39 b,1,Kepler-39,F7 V
4001,Kepler-391 b,1,Kepler-391,K2 III-IV
4002,Kepler-391 c,1,Kepler-391,K2 III-IV
4023,Kepler-40 b,1,Kepler-40,F5 IV
4042,Kepler-407 b,1,Kepler-407,G
4046,Kepler-41 b,1,Kepler-41,G6 V
4048,Kepler-411 b,2,Kepler-411,K2 V
4049,Kepler-411 c,2,Kepler-411,K2 V
4050,Kepler-411 d,2,Kepler-411,K2 V
4051,Kepler-411 e,2,Kepler-411,K2 V
4052,Kepler-412 b,1,Kepler-412,G3 V
4067,Kepler-42 b,1,Kepler-42,M4 V
4068,Kepler-42 c,1,Kepler-42,M4 V
4069,Kepler-42 d,1,Kepler-42,M
4070,Kepler-421 b,1,Kepler-421,G9/K0
4072,Kepler-423 b,1,Kepler-423,G4 V
4075,Kepler-425 b,1,Kepler-425,K1 V
4076,Kepler-426 b,1,Kepler-426,G1 V
4077,Kepler-427 b,1,Kepler-427,G2 V
4078,Kepler-428 b,1,Kepler-428,K1 V
4079,Kepler-43 b,1,Kepler-43,F8 V
4095,Kepler-44 b,1,Kepler-44,G2 IV
4100,Kepler-444 b,3,Kepler-444,K
4101,Kepler-444 c,3,Kepler-444,K
4102,Kepler-444 d,3,Kepler-444,K
4103,Kepler-444 e,3,Kepler-444,K
4104,Kepler-444 f,3,Kepler-444,K
4105,Kepler-445 b,1,Kepler-445,M4
4106,Kepler-445 c,1,Kepler-445,M4
4107,Kepler-445 d,1,Kepler-445,M4
4108,Kepler-446 b,1,Kepler-446,M4
4109,Kepler-446 c,1,Kepler-446,M4
4110,Kepler-446 d,1,Kepler-446,M4
4111,Kepler-447 b,1,Kepler-447,G8 V
4115,Kepler-45 b,1,Kepler-45,M1 V
4168,Kepler-49 b,1,Kepler-49,M1 V
4169,Kepler-49 c,1,Kepler-49,M1 V
4170,Kepler-49 d,1,Kepler-49,M1 V
4207,Kepler-52 b,1,Kepler-52,M0 V
4208,Kepler-52 c,1,Kepler-52,M0 V
4237,Kepler-539 b,1,Kepler-539,G2 V
4238,Kepler-539 c,1,Kepler-539,G2 V
4239,Kepler-54 b,1,Kepler-54,M1 V
4343,Kepler-61 b,1,Kepler-61,M0 V
4359,Kepler-62 b,1,Kepler-62,K2 V
4360,Kepler-62 c,1,Kepler-62,K2 V
4361,Kepler-62 d,1,Kepler-62,K2 V
4362,Kepler-62 e,1,Kepler-62,K2 V
4363,Kepler-62 f,1,Kepler-62,K2 V
4374,Kepler-63 b,1,Kepler-63,G5
4413,Kepler-66 b,1,Kepler-66,G0 V
4424,Kepler-67 b,1,Kepler-67,G9 V
4449,Kepler-69 b,1,Kepler-69,G4 V
4450,Kepler-69 c,1,Kepler-69,G4 V
4506,Kepler-74 b,1,Kepler-74,F8 V
4516,Kepler-75 b,1,Kepler-75,K0 V
4532,Kepler-76 b,1,Kepler-76,F
4547,Kepler-77 b,1,Kepler-77,G5 V
4560,Kepler-78 b,2,Kepler-78,G
4589,Kepler-80 b,1,Kepler-80,M0 V
4590,Kepler-80 c,1,Kepler-80,K5
4591,Kepler-80 d,1,Kepler-80,K5
4592,Kepler-80 e,1,Kepler-80,M0 V
4593,Kepler-80 f,1,Kepler-80,K5
4594,Kepler-80 g,1,Kepler-80,K5
4605,Kepler-81 b,1,Kepler-81,M0 V
4606,Kepler-81 c,1,Kepler-81,M0 V
4634,Kepler-83 b,2,Kepler-83,M0 V
4635,Kepler-83 c,2,Kepler-83,M0 V
4636,Kepler-83 d,2,Kepler-83,M0 V
4698,Kepler-879 c,1,Kepler-879,G
4738,Kepler-91 b,1,Kepler-91,K3
4777,Kepler-94 b,1,Kepler-94,M0 V
4807,Kepler-963 c,1,Kepler-963,G
4853,L 168-9 b,1,L 168-9,M0.5 V
4855,L 98-59 b,1,L 98-59,M3 V
4856,L 98-59 c,1,L 98-59,M3 V
4857,L 98-59 d,1,L 98-59,M3 V
4858,L 98-59 e,1,L 98-59,M3 V
4859,L 98-59 f,1,L 98-59,M3 V
4860,LHS 1140 b,1,LHS 1140,M4.5 V
4861,LHS 1140 c,1,LHS 1140,M4.5 V
4862,LHS 1478 b,1,LHS 1478,m3 V
4863,LHS 1678 b,2,LHS 1678,M2.0 V
4864,LHS 1678 c,2,LHS 1678,M2.0 V
4865,LHS 1678 d,2,LHS 1678,M2.0 V
4866,LHS 1815 b,1,LHS 1815,M1
4867,LHS 1903 b,1,LHS 1903,M
4868,LHS 1903 c,1,LHS 1903,M
4869,LHS 1903 d,1,LHS 1903,M
4870,LHS 1903 e,1,LHS 1903,M
4871,LHS 3154 b,1,LHS 3154,M6.5
4872,LHS 3844 b,1,LHS 3844,M4.5-M5.0
4873,LHS 475 b,1,LHS 475,M3.5 V
4874,LP 261-75 b,1,LP 261-75 A,M4.5 V
4875,LP 714-47 b,1,LP 714-47,M0.0 V
4876,LP 791-18 b,1,LP 791-18,M(6.1+/-0.7) V
4877,LP 791-18 c,1,LP 791-18,M(6.1+/-0.7) V
4878,LP 791-18 d,1,LP 791-18,M(6.1 +/- 0.7) V
4879,LP 890-9 b,1,LP 890-9,M6 V
4880,LP 890-9 c,1,LP 890-9,M6 V
4881,LSPM J2116+0234 b,1,LSPM J2116+0234,M3.0 V
4882,LTT 1445 A b,3,LTT 1445 A,M3.0
4884,LTT 3780 b,2,LTT 3780,M3.5 V
4885,LTT 3780 c,2,LTT 3780,M4 V
4886,LTT 9779 b,1,LTT 9779,G7 V
4890,MASCARA-1 b,1,MASCARA-1,A8
4891,MASCARA-4 b,2,MASCARA-4,A7 V
4895,MOA-2008-BLG-379L b,1,MOA-2008-BLG-379L,K
4920,MOA-2022-BLG-033L b,1,MOA-2022-BLG-033L,F7 V
4921,MOA-2022-BLG-091L b,1,MOA-2022-BLG-091L,G8 V
4926,MWC 758 c,1,MWC 758,A8Ve
4928,NGC 2682 Sand 1429 b,1,NGC 2682 Sand 1429,F9.5 V
4929,NGC 2682 Sand 978 b,1,NGC 2682 Sand 978,K4 III
4930,NGC 2682 YBP 1194 b,1,NGC 2682 YBP 1194,G5 V
4931,NGC 2682 YBP 1514 b,1,NGC 2682 YBP 1514,G5 V
4932,NGC 2682 YBP 401 b,1,NGC 2682 YBP 401,F9 V
4933,NGTS-1 b,1,NGTS-1,M0.5
4934,NGTS-10 b,1,NGTS-10,K5 V
4935,NGTS-11 b,1,NGTS-11,K
4936,NGTS-12 b,1,NGTS-12,G
4938,NGTS-14 A b,2,NGTS-14 A,K1 V
4939,NGTS-15 b,1,NGTS-15,G6 V
4940,NGTS-16 b,1,NGTS-16,G7 V
4941,NGTS-17 b,1,NGTS-17,G4 V
4942,NGTS-18 b,1,NGTS-18,G5 V
4943,NGTS-2 b,1,NGTS-2,F5 V
4944,NGTS-20 b,1,NGTS-20,G1 IV
4945,NGTS-21 b,1,NGTS-21,K3 V
4946,NGTS-23 b,1,NGTS-23,F9 V
4947,NGTS-24 b,1,NGTS-24,G2 IV
4948,NGTS-25 b,1,NGTS-25,K0 V
4951,NGTS-3 A b,2,NGTS-3 A,G6 V
4956,NGTS-34 b,1,NGTS-34,F8 V
4957,NGTS-35 b,1,NGTS-35,K3.5 V
4959,NGTS-5 b,1,NGTS-5,K2 V
4961,NGTS-8 b,1,NGTS-8,K0 V
4962,NGTS-9 b,1,NGTS-9,F8 V
4963,OGLE-2003-BLG-235L b,1,OGLE-2003-BLG-235L,M2-M7
4965,OGLE-2005-BLG-169L b,1,OGLE-2005-BLG-169L,K5
4970,OGLE-2007-BLG-349L AB c,2,OGLE-2007-BLG-349L A,M
4975,OGLE-2011-BLG-0251L b,1,OGLE-2011-BLG-0251L,M
4977,OGLE-2012-BLG-0026L b,1,OGLE-2012-BLG-0026L,G5 V
4978,OGLE-2012-BLG-0026L c,1,OGLE-2012-BLG-0026L,G5 V
4982,OGLE-2012-BLG-0724L b,1,OGLE-2012-BLG-0724L,M V
4984,OGLE-2012-BLG-0950L b,1,OGLE-2012-BLG-0950L,M V
4993,OGLE-2014-BLG-0319L b,1,OGLE-2014-BLG-0319L,M
4997,OGLE-2014-BLG-1760L b,1,OGLE-2014-BLG-1760L,K
5042,OGLE-2018-BLG-0740L b,1,OGLE-2018-BLG-0740L,G V
5062,OGLE-2019-BLG-0468L b,1,OGLE-2019-BLG-0468L,G
5063,OGLE-2019-BLG-0468L c,1,OGLE-2019-BLG-0468L,G
5073,OGLE-TR-111 b,1,OGLE-TR-111,K2 V
5078,OGLE-TR-56 b,1,OGLE-TR-56,F8 V
5080,Oph 11 b,1,Oph 11,M9
5081,PDS 70 b,1,PDS 70,K7
5083,PH1 b,4,PH1,F
5084,PH2 b,1,PH2,G3
5085,POTS-1 b,1,POTS-1,K5 V
5093,PZ Tel b,1,PZ Tel,G9 IV
5097,Proxima Cen b,3,Proxima Cen,M5.5 V
5098,Proxima Cen d,3,Proxima Cen,M5.5 V
5100,Qatar-10 b,1,Qatar-10,F7 V
5102,Qatar-3 b,1,Qatar-3,G0 V
5103,Qatar-4 b,1,Qatar-4,K1 V
5104,Qatar-5 b,1,Qatar-5,G2 V
5105,Qatar-6 b,2,Qatar-6,K2 V
5106,Qatar-7 b,1,Qatar-7,F4 V
5107,Qatar-8 b,1,Qatar-8,G0 V
5108,Qatar-9 b,1,Qatar-9,K5 V
5109,ROXs 12 b,2,ROXs 12,M0
5110,ROXs 42 B b,2,ROXs 42 B,M0
5111,Ross 128 b,1,Ross 128,M4
5112,Ross 176 b,1,Ross 176,K7 V
5114,Ross 508 b,1,Ross 508,M4.5 V
5115,SPECULOOS-3 b,1,SPECULOOS-3,M6.5+/-0.5
5122,TIC 139270665 b,1,TIC 139270665,G2
5123,TIC 139270665 c,1,TIC 139270665,G2
5131,TIC 172900988 b,2,TIC 172900988 Aa,F9
5139,TIC 237913194 b,1,TIC 237913194,G3
5145,TIC 257060897 b,1,TIC 257060897,F
5163,TIC 434398831 b,1,TIC 434398831,G4 V
5164,TIC 434398831 c,1,TIC 434398831,G4 V
5177,TIC 88785435 b,1,TIC 88785435,K7 V
5183,TOI-1062 b,1,TOI-1062,G9 V
5184,TOI-1062 c,1,TOI-1062,G9 V
5187,TOI-1075 b,1,TOI-1075,K9 V/M0 V
5188,TOI-1080 b,1,TOI-1080,M4.0&plusmn;1.0 V
5190,TOI-1107 b,1,TOI-1107,F6 V
5191,TOI-1117 b,1,TOI-1117,G5 V
5192,TOI-1117 c,1,TOI-1117,G5 V
5193,TOI-1117 d,1,TOI-1117,G5 V
5194,TOI-1130 b,1,TOI-1130,K6-K7
5195,TOI-1130 c,1,TOI-1130,K7
5196,TOI-1135 b,1,TOI-1135,G0
5203,TOI-1173 b,2,TOI-1173,G9
5206,TOI-1181 b,1,TOI-1181,F9 IV
5210,TOI-1201 b,2,TOI-1201,M2.0 V
5211,TOI-1203 b,1,TOI-1203,G3 V
5212,TOI-1203 c,1,TOI-1203,G3 V
5213,TOI-1203 e,1,TOI-1203,G3 V
5214,TOI-1203.01,1,TOI-1203,G3 V
5215,TOI-122 b,1,TOI-122,M3 V
5220,TOI-1227 b,1,TOI-1227,M4.5V-M5V
5222,TOI-1231 b,1,TOI-1231,M3 V
5223,TOI-1232 b,1,TOI-1232,G1 V
5224,TOI-1232 c,1,TOI-1232,G1 V
5225,TOI-1233.01,1,HD 108236,G3 V
5226,TOI-1235 b,1,TOI-1235,M0.5 V
5227,TOI-1238 b,1,TOI-1238,K7/M0
5228,TOI-1238 c,1,TOI-1238,K7/M0
5229,TOI-1243 b,1,TOI-1243,M2.0 V
5231,TOI-1246 b,1,TOI-1246,K V
5232,TOI-1246 c,1,TOI-1246,K V
5233,TOI-1246 d,1,TOI-1246,K V
5234,TOI-1246 e,1,TOI-1246,K V
5237,TOI-125 b,1,TOI-125,K0 V
5238,TOI-125 c,1,TOI-125,K0 V
5239,TOI-125 d,1,TOI-125,K0 V
5241,TOI-1260 b,1,TOI-1260,K6 V
5242,TOI-1260 c,1,TOI-1260,K6 V
5244,TOI-1266 b,1,TOI-1266,M3
5245,TOI-1266 c,1,TOI-1266,M3
5246,TOI-1266 d,1,TOI-1266,M2
5247,TOI-1268 b,1,TOI-1268,K V
5253,TOI-1278 b,1,TOI-1278,M0 V
5256,TOI-1288 b,1,TOI-1288,G V
5257,TOI-1288 c,1,TOI-1288,G V
5261,TOI-1295 b,1,TOI-1295,F
5265,TOI-132 b,1,TOI-132,G8 V
5267,TOI-1338 b,2,TOI-1338 A,F8
5268,TOI-1338 c,2,TOI-1338 A,F8
5273,TOI-1386 b,1,TOI-1386,G5V
5274,TOI-1386 c,1,TOI-1386,G5V
5276,TOI-1408 b,1,TOI-1408,F8 V
5277,TOI-1408 c,1,TOI-1408,F8 V
5281,TOI-1416 b,1,TOI-1416,G9 V
5283,TOI-1422 b,1,TOI-1422,G2 V
5284,TOI-1422 c,1,TOI-1422,G2 V
5285,TOI-1431 b,1,TOI-1431,Am C
5287,TOI-1438 b,1,TOI-1438,K0 V
5288,TOI-1438 c,1,TOI-1438,K0 V
5292,TOI-1444 b,1,TOI-1444,G
5294,TOI-1450 A b,2,TOI-1450 A,M3.0 V
5295,TOI-1450 A c,2,TOI-1450 A,M3.0 V
5297,TOI-1452 b,2,TOI-1452,M4 +/- 0.5 V
5302,TOI-1468 b,1,TOI-1468,M3.0 V
5303,TOI-1468 c,1,TOI-1468,M3.0 V
5304,TOI-1470 b,1,TOI-1470,M1.5 V
5305,TOI-1470 c,1,TOI-1470,M1.5 V
5309,TOI-150.01,1,TOI-150,F
5310,TOI-1516 b,1,TOI-1516,F8 V
5311,TOI-1518 b,1,TOI-1518,F0
5312,TOI-157 b,1,TOI-157,G9 IV
5313,TOI-159 b,2,TOI-159,F0 V
5315,TOI-163 b,1,TOI-163,F
5317,TOI-1634 b,2,TOI-1634,M2
5323,TOI-1670 b,1,TOI-1670,F7 V
5324,TOI-1670 c,1,TOI-1670,F7 V
5325,TOI-1680 b,1,TOI-1680,M4.5+/-0.5
5327,TOI-1685 b,1,TOI-1685,M2.65 V
5328,TOI-169 b,1,TOI-169,G1 V
5333,TOI-1695 b,1,TOI-1695,M1 V
5334,TOI-1696 b,1,TOI-1696,M5V
5335,TOI-1710 b,2,TOI-1710,G5 V
5341,TOI-1728 b,1,TOI-1728,M0
5347,TOI-1743 b,1,TOI-1743,M4 V
5349,TOI-1749 b,1,TOI-1749,M0 V
5350,TOI-1749 c,1,TOI-1749,M0 V
5351,TOI-1749 d,1,TOI-1749,M0 V
5354,TOI-1752 b,1,TOI-1752,M1.0&plusmn0.5 V
5355,TOI-1752 c,1,TOI-1752,M1.0&plusmn0.5 V
5359,TOI-1759 b,1,TOI-1759,M0.0 V
5366,TOI-178 b,1,TOI-178,K
5367,TOI-178 c,1,TOI-178,K
5368,TOI-178 d,1,TOI-178,K
5369,TOI-178 e,1,TOI-178,K
5370,TOI-178 f,1,TOI-178,K
5371,TOI-178 g,1,TOI-178,K
5374,TOI-1789 b,1,TOI-1789,F
5379,TOI-1801 b,2,TOI-1801,M0.5+/-0.5 V
5384,TOI-181 b,1,TOI-181,K
5396,TOI-1853 b,1,TOI-1853,K2.5 V
5399,TOI-1860 b,1,TOI-1860,G V
5401,TOI-1883 b,1,TOI-1883,M
5403,TOI-1899 b,1,TOI-1899,M0
5405,TOI-198 b,1,TOI-198,M0 V
5406,TOI-199 b,1,TOI-199,G9 V
5407,TOI-199 c,1,TOI-199,G9 V
5412,TOI-201 b,1,TOI-201,F
5413,TOI-201 c,1,TOI-201,F6 V
5414,TOI-201 d,1,TOI-201,F
5415,TOI-2010 b,1,TOI-2010,F0
5416,TOI-2015 b,1,TOI-2015,M4 +/- 0.5
5417,TOI-2015 c,1,TOI-2015,M4 +/- 0.5
5418,TOI-2018 b,1,TOI-2018,K V
5422,TOI-2046 b,1,TOI-2046,F8 V
5423,TOI-2048 b,1,TOI-2048,G V
5428,TOI-2076 b,1,TOI-2076,K
5429,TOI-2076 c,1,TOI-2076,K
5430,TOI-2076 d,1,TOI-2076,K
5431,TOI-2076 e,1,TOI-2076,K V
5432,TOI-2081 b,1,TOI-2081,M1.0
5433,TOI-2084 b,2,TOI-2084,M2+/-0.5
5437,TOI-2093 b,1,TOI-2093,K5 V
5438,TOI-2093 c,1,TOI-2093,K5 V
5439,TOI-2094 b,1,TOI-2094,M3 V
5440,TOI-2095 b,1,TOI-2095,M2.5 V
5441,TOI-2095 c,1,TOI-2095,M0.5-1.0 V
5442,TOI-2096 b,1,TOI-2096,M4
5443,TOI-2096 c,1,TOI-2096,M4
5446,TOI-2109 b,1,TOI-2109,F
5450,TOI-2134 b,1,TOI-2134,K5 V
5451,TOI-2134 c,1,TOI-2134,K5 V
5452,TOI-2136 b,1,TOI-2136,M4.5 V
5457,TOI-2152 A b,3,TOI-2152,F4 V
5463,TOI-2180 b,1,TOI-2180,G5
5467,TOI-2196 b,1,TOI-2196,G V
5468,TOI-220 b,1,TOI-220,K0 V
5470,TOI-2202 b,1,TOI-2202,K8 V
5471,TOI-2202 c,1,TOI-2202,K8 V
5476,TOI-2257 b,1,TOI-2257,M3
5477,TOI-2260 b,1,TOI-2260,G V
5478,TOI-2266 b,1,TOI-2266,M5.0+0.5-0.5
5479,TOI-2267 b,2,TOI-2267 A,M5 V
5480,TOI-2267 c,2,TOI-2267 A,M5 V
5482,TOI-2274 b,1,TOI-2274,M
5486,TOI-2322 b,1,TOI-2322,K4
5487,TOI-2322 c,1,TOI-2322,K4
5491,TOI-2345 b,1,TOI-2345,K
5492,TOI-2345 c,1,TOI-2345,K
5496,TOI-237 b,1,TOI-237,M4.5 V
5501,TOI-238 b,1,TOI-238,K2V
5502,TOI-238 c,1,TOI-238,K2V
5505,TOI-2406 b,1,TOI-2406,M4 V
5512,TOI-2431 b,1,TOI-2431,K7 V
5513,TOI-244 b,1,TOI-244,M2.5 V
5514,TOI-2443 b,1,TOI-2443,K5 V
5517,TOI-2449 b,1,TOI-2449,G
5519,TOI-2458 b,1,TOI-2458,F9-F9.5
5520,TOI-2458 c,1,TOI-2458,F9-F9.5
5528,TOI-2525 b,1,TOI-2525,K8 V
5529,TOI-2525 c,1,TOI-2525,K8 V
5537,TOI-2580 b,1,TOI-2580,F
5541,TOI-260 b,1,TOI-260,K8 V
5544,TOI-262 b,1,TOI-262,K0 V
5545,TOI-2641 b,1,TOI-2641,F9 V
5548,TOI-269 b,1,TOI-269,M2 V
5549,TOI-270 b,1,TOI-270,M3.0 V
5550,TOI-270 c,1,TOI-270,M
5551,TOI-270 d,1,TOI-270,M3 V
5554,TOI-2768 b,1,TOI-2768,M
5559,TOI-283 b,1,TOI-283,K
5561,TOI-286 b,1,TOI-286,K3 V
5562,TOI-286 c,1,TOI-286,K3 V
5565,TOI-2969 b,1,TOI-2969,K3 V
5569,TOI-2989 b,1,TOI-2989,K4 V
5576,TOI-3235 b,1,TOI-3235,M V
5577,TOI-3261 b,1,TOI-3261,K1.5+/-1
5578,TOI-3288 b,2,TOI-3288,K9 V
5580,TOI-332 b,1,TOI-332,K0 V
5591,TOI-3493 b,1,TOI-3493,G1/2 V
5596,TOI-3629 b,1,TOI-3629,M1
5600,TOI-3714 b,2,TOI-3714,M2
5604,TOI-3757 b,1,TOI-3757,M0 V
5605,TOI-3785 b,1,TOI-3785,M2 V
5612,TOI-3884 b,1,TOI-3884,M4
5619,TOI-3984 A b,2,TOI-3984 A,M4+/-0.5
5620,TOI-4010 b,1,TOI-4010,K V
5621,TOI-4010 c,1,TOI-4010,K V
5622,TOI-4010 d,1,TOI-4010,K V
5623,TOI-4010 e,1,TOI-4010,K V
5626,TOI-406 c,1,TOI-406,M3
5627,TOI-406.01,1,TOI-406,M3
5629,TOI-411 b,1,HD 22946,F7/F8V
5630,TOI-411 c,1,HD 22946,F7/F8V
5631,TOI-4127 b,1,TOI-4127,F V
5638,TOI-4184 b,1,TOI-4184,M5.5+/-0.5
5639,TOI-4201 b,1,TOI-4201,M1.0+/-0.5
5640,TOI-421 b,2,TOI-421,G9 V
5641,TOI-421 c,2,TOI-421,G9 V
5647,TOI-4311 b,1,TOI-4311,K
5648,TOI-4311 c,1,TOI-4311,K
5650,TOI-4336 A b,3,TOI-4336 A,M3.5+/-0.5
5651,TOI-4336 A c,3,TOI-4336 A,M3.5 V
5652,TOI-4342 b,1,TOI-4342,M0 V
5653,TOI-4342 c,1,TOI-4342,M0 V
5655,TOI-4364 b,1,TOI-4364,M4 V
5660,TOI-4438 b,1,TOI-4438,M3.5 V
5661,TOI-444 b,1,TOI-444,K1/2 V
5664,TOI-4465 b,1,TOI-4465,G V
5665,TOI-4479 b,1,TOI-4479,M3.0
5669,TOI-4504 b,1,TOI-4504,K1 V
5670,TOI-4504 c,1,TOI-4504,K1 V
5671,TOI-4504 d,1,TOI-4504,K1 V
5672,TOI-4507 b,1,TOI-4507,F
5673,TOI-451 b,2,TOI-451,G8 V
5674,TOI-451 c,2,TOI-451,G8 V
5675,TOI-451 d,2,TOI-451,G8 V
5678,TOI-4515 b,1,TOI-4515,G8/G9
5680,TOI-4529 b,1,TOI-4529,M1.5 V
5682,TOI-4552 b,1,TOI-4552,M4.5 V
5685,TOI-4562 b,1,TOI-4562,F7 V
5686,TOI-4562 c,1,TOI-4562,F7 V
5690,TOI-4600 b,1,TOI-4600,K V
5691,TOI-4600 c,1,TOI-4600,K V
5693,TOI-4603 b,1,TOI-4603,F
5694,TOI-4633 c,2,TOI-4633,G V
5699,TOI-4666 b,1,TOI-4666,M2&plusmn;0.5
5701,TOI-470 b,1,TOI-470,G
5708,TOI-481 b,1,TOI-481,G
5709,TOI-4860 b,1,TOI-4860,M4.5+/-0.5
5713,TOI-4940 b,1,TOI-4940,G8 V
5716,TOI-500 b,1,TOI-500,K6 V
5717,TOI-500 c,1,TOI-500,K6 V
5718,TOI-500 d,1,TOI-500,K6 V
5719,TOI-500 e,1,TOI-500,K6 V
5720,TOI-5005 b,1,TOI-5005,G2 V
5721,TOI-5007 b,1,TOI-5007,M1&plusmn;0.5
5723,TOI-5076 b,2,TOI-5076,K2 V
5728,TOI-5126 b,1,TOI-5126,F V
5729,TOI-5126 c,1,TOI-5126,F V
5730,TOI-5143 c,1,TOI-5143,K V
5731,TOI-5153 b,1,TOI-5153,F8 V
5736,TOI-519 b,1,TOI-519,M3.5
5737,TOI-5205 b,1,TOI-5205,M4.0
5738,TOI-521 b,1,TOI-521,M3
5744,TOI-5292 A b,1,TOI-5292 A,M0&plusmn;0.5
5745,TOI-5293 A b,2,TOI-5293 A,M3+/-1
5746,TOI-530 b,1,TOI-530,M0.5 V
5747,TOI-5300 b,1,TOI-5300,K4 V
5749,TOI-5319 b,1,TOI-5319,M
5755,TOI-5349 b,1,TOI-5349,M1+/-0.5
5759,TOI-5388.01,1,TOI-5388,M3.0 V
5760,TOI-5398 b,1,TOI-5398,G V
5761,TOI-5398 c,1,TOI-5398,G V
5762,TOI-540 b,1,TOI-540,M V
5772,TOI-5542 b,1,TOI-5542,G3 V
5774,TOI-558 b,1,TOI-558,F V
5775,TOI-559 b,1,TOI-559,G V
5780,TOI-561 b,1,TOI-561,G9 V
5781,TOI-561 c,1,TOI-561,G9 V
5792,TOI-5678 b,1,TOI-5678,G7 V
5795,TOI-5713 b,1,TOI-5713,M3.5+/-0.5
5797,TOI-5720 b,1,TOI-5720,M3.5 +/- 1.0
5800,TOI-5734 b,1,TOI-5734,K3-K4 V
5806,TOI-5789 b,1,TOI-5789,K1 V
5807,TOI-5789 c,1,TOI-5789,K1 V
5808,TOI-5789 d,1,TOI-5789,K1 V
5809,TOI-5789 e,1,TOI-5789,K1 V
5810,TOI-5795 b,1,TOI-5795,G3 V
5811,TOI-5799 b,1,TOI-5799,M2 V
5812,TOI-5799 c,1,TOI-5799,M2 V
5813,TOI-5800 b,1,TOI-5800,K3 V
5815,TOI-5817 b,2,TOI-5817,G2 IV-V
5817,TOI-5916 b,1,TOI-5916,M2&plusmn;0.5
5821,TOI-6002 b,1,TOI-6002,M3.5+/-0.5
5822,TOI-6008 b,1,TOI-6008,M5.0
5823,TOI-6016 b,1,TOI-6016,F
5827,TOI-6041 b,1,TOI-6041,G7
5828,TOI-6041 c,1,TOI-6041,G7
5832,TOI-6086 b,1,TOI-6086,M3.0
5833,TOI-6109 b,1,TOI-6109,G3
5834,TOI-6109 c,1,TOI-6109,G3
5835,TOI-6130 b,1,TOI-6130,F
5836,TOI-615 b,1,TOI-615,F2 V
5837,TOI-620 b,1,TOI-620,M2.5 V
5838,TOI-622 b,1,TOI-622,F6 V
5839,TOI-6223 b,1,TOI-6223,M0 V
5846,TOI-6383 A b,2,TOI-6383 A,M3
5851,TOI-6478 b,2,TOI-6478,M4.0+/-0.5
5852,TOI-654.01,1,TOI-654,M2 V
5854,TOI-663 b,1,TOI-663,M1 V
5855,TOI-663 c,1,TOI-663,M1 V
5856,TOI-663 d,1,TOI-663,M1 V
5861,TOI-6695 b,1,TOI-6695,F5V-G0V
5862,TOI-6695 c,1,TOI-6695,F5V-G0V
5865,TOI-6716 b,1,TOI-6716,M4
5866,TOI-672 b,1,TOI-672,M0 V
5867,TOI-674 b,1,TOI-674,M2 V
5868,TOI-677 b,1,TOI-677,F8
5873,TOI-700 b,1,TOI-700,M2.5 V
5874,TOI-700 c,1,TOI-700,M2.5 V
5875,TOI-700 d,1,TOI-700,M2 V
5876,TOI-700 e,1,TOI-700,M2.5 V
5881,TOI-712 b,1,TOI-712,K4.5 V
5882,TOI-712 c,1,TOI-712,K4.5 V
5883,TOI-712 d,1,TOI-712,K4.5 V
5884,TOI-7149 b,1,TOI-7149,M4 V
5885,TOI-715 b,1,TOI-715,M4
5887,TOI-7166 b,1,TOI-7166,M4.5 V
5888,TOI-733 b,1,TOI-733,G
5890,TOI-7384 b,1,TOI-7384,M4
5891,TOI-7510 b,1,TOI-7510,G3
5892,TOI-7510 c,1,TOI-7510,G3
5893,TOI-7510 d,1,TOI-7510,G3
5894,TOI-756 b,1,TOI-756,M1 V
5895,TOI-756 c,1,TOI-756,M1 V
5896,TOI-757 b,1,TOI-757,K0 V
5898,TOI-763 b,1,TOI-763,G
5899,TOI-763 c,1,TOI-763,G
5900,TOI-771 b,1,TOI-771,M3
5901,TOI-771 c,1,TOI-771,M3
5902,TOI-776 b,1,TOI-776,M1 V
5903,TOI-776 c,1,TOI-776,M1 V
5904,TOI-778 b,1,TOI-778,F3 V
5906,TOI-784 b,1,HD 307842,G
5909,TOI-813 b,1,TOI-813,G0 IV
5910,TOI-815 b,2,TOI-815,K3 V
5911,TOI-815 c,2,TOI-815,K3 V
5912,TOI-824 b,1,TOI-824,K4 V
5914,TOI-836 b,1,TOI-836,K V
5915,TOI-836.01,1,TOI-836,K V
5916,TOI-837 b,1,TOI-837,G0/F9 V
5917,TOI-849 b,1,TOI-849,G
5918,TOI-858 B b,2,TOI-858 B,G0
5920,TOI-880 c,1,TOI-880,K
5921,TOI-880.02,1,TOI-880,K
5923,TOI-892 b,1,TOI-892,F
5928,TOI-908 b,1,TOI-908,G V
5929,TOI-912 b,1,TOI-912,M3
5935,TOI-942 b,1,TOI-942,K2.5 V
5936,TOI-942 c,1,TOI-942,K2.5 V
5938,TOI-969 b,1,TOI-969,K V
5939,TOI-969 c,1,TOI-969,K V
5942,TRAPPIST-1 d,1,TRAPPIST-1,M8.0 V
5951,TYC 2187-512-1 b,1,TYC 2187-512-1,M1.0 V
5955,TYC 8998-760-1 b,1,TYC 8998-760-1,K3 IV
5957,Teegarden's Star b,1,Teegarden's Star,M7.0 V
5958,Teegarden's Star c,1,Teegarden's Star,M7.0 V
5960,TrES-1 b,2,TrES-1,K0 V
5961,TrES-2 b,2,TrES-2,G0 V
5962,TrES-3 b,1,TrES-3,G4 V
5965,UCAC3 113-933 b,1,UCAC3 113-933,M0
5966,UCAC4 328-061594 b,1,UCAC4 328-061594,DC
5968,USco CTIO 108 b,1,USco CTIO 108,M7
5969,USco1556 b,1,USco1556 A,M3.0 V
5970,USco1621 b,1,USco1621 A,M2.5 V
5974,V1298 Tau b,3,V1298 Tau,K1
5975,V1298 Tau c,3,V1298 Tau,K1
5976,V1298 Tau d,3,V1298 Tau,K1
5977,V1298 Tau e,3,V1298 Tau,K1
5978,V2376 Ori b,1,V2376 Ori,M
5979,VHS J125601.92-125723.9 b,2,VHS J125601.92-125723.9,M7.5
5980,WASP-1 b,2,WASP-1,F7 V
5981,WASP-10 b,1,WASP-10,K5 V
5982,WASP-100 b,2,WASP-100,F2
5983,WASP-101 b,1,WASP-101,F6
5985,WASP-103 b,1,WASP-103,F8 V
5986,WASP-104 b,2,WASP-104,G8
5987,WASP-105 b,1,WASP-105,K2
5988,WASP-106 b,1,WASP-106,F9 D
5989,WASP-107 b,1,WASP-107,K6
5990,WASP-107 c,1,WASP-107,K6
5991,WASP-108 b,1,WASP-108,F9
5992,WASP-11 b,3,WASP-11,K3 V
5993,WASP-110 b,1,WASP-110,G9
5994,WASP-113 b,1,WASP-113,G1
5995,WASP-114 b,2,WASP-114,G0
5997,WASP-117 b,1,WASP-117,F9
5998,WASP-118 b,1,WASP-118,F6
5999,WASP-119 b,1,WASP-119,G5
6001,WASP-120 b,1,WASP-120,F5
6002,WASP-121 b,1,WASP-121,F6 V
6003,WASP-123 b,2,WASP-123,G5
6004,WASP-124 b,1,WASP-124,F9
6005,WASP-126 b,1,WASP-126,G2
6008,WASP-129 b,2,WASP-129,G1
6010,WASP-130 b,1,WASP-130,G6
6011,WASP-131 b,1,WASP-131,G0
6012,WASP-132 b,1,WASP-132,K4
6013,WASP-132 c,1,WASP-132,K4 V
6014,WASP-132 d,1,WASP-132,K4 V
6015,WASP-133 b,1,WASP-133,G4
6016,WASP-135 b,1,WASP-135,G5 V
6017,WASP-136 b,1,WASP-136,F
6019,WASP-139 b,2,WASP-139,K0
6021,WASP-140 b,2,WASP-140,K0
6022,WASP-141 b,1,WASP-141,F9
6023,WASP-142 b,1,WASP-142,F8
6024,WASP-144 b,1,WASP-144,K2 V
6025,WASP-145 A b,2,WASP-145 A,K2 V
6026,WASP-147 b,1,WASP-147,G4
6027,WASP-148 b,1,WASP-148,G
6028,WASP-148 c,1,WASP-148,G
6030,WASP-15 b,1,WASP-15,F7
6031,WASP-150 b,1,WASP-150,F8
6032,WASP-151 b,1,WASP-151,G1
6033,WASP-153 b,1,WASP-153,G0
6036,WASP-156 b,1,WASP-156,K3
6037,WASP-157 b,1,WASP-157,G2 V
6038,WASP-158 b,1,WASP-158,F6 V
6039,WASP-159 b,1,WASP-159,F9
6041,WASP-160 B b,2,WASP-160 B,K0 V
6043,WASP-162 b,1,WASP-162,K0
6045,WASP-164 b,1,WASP-164,G2 V
6046,WASP-165 b,1,WASP-165,G6
6047,WASP-166 b,1,WASP-166,F9
6048,WASP-167 b,1,WASP-167,F1 V
6049,WASP-168 b,2,WASP-168,F9 V
6050,WASP-169 b,1,WASP-169,F8
6051,WASP-17 b,1,WASP-17,F4
6053,WASP-171 b,1,WASP-171,G0
6054,WASP-172 b,1,WASP-172,F1 V
6055,WASP-173 A b,2,WASP-173 A,G3
6056,WASP-174 b,1,WASP-174,F6 V
6057,WASP-175 b,1,WASP-175,F7
6058,WASP-176 b,1,WASP-176,F9
6059,WASP-177 b,1,WASP-177,K2
6060,WASP-178 b,1,WASP-178,A1 IV-V
6061,WASP-18 b,2,WASP-18,F6 IV-V
6062,WASP-180 A b,2,WASP-180 A,F7 V
6063,WASP-181 b,1,WASP-181,G2
6064,WASP-182 b,1,WASP-182,G5
6065,WASP-183 b,1,WASP-183,G9
6066,WASP-184 b,1,WASP-184,G0 V
6067,WASP-185 b,1,WASP-185,G0 V
6068,WASP-186 b,1,WASP-186,F
6069,WASP-187 b,1,WASP-187,F
6072,WASP-19 b,1,WASP-19,G8 V
6073,WASP-190 b,1,WASP-190,F6 IV-V
6074,WASP-192 b,1,WASP-192,G0 V
6075,WASP-193 b,2,WASP-193,F9
6079,WASP-2 b,2,WASP-2,K1 V
6080,WASP-20 b,2,WASP-20,F9
6081,WASP-21 b,1,WASP-21,G3 V
6082,WASP-22 b,1,WASP-22,G1 V
6086,WASP-26 b,2,WASP-26,G0
6087,WASP-28 b,1,WASP-28,F8
6092,WASP-33 b,2,WASP-33,A
6097,WASP-38 b,1,WASP-38,F8 V
6099,WASP-4 b,1,WASP-4,G7 V
6103,WASP-43 b,1,WASP-43,K7 V
6104,WASP-44 b,1,WASP-44,G8 V
6105,WASP-45 b,2,WASP-45,K2 V
6106,WASP-46 b,1,WASP-46,G6 V
6107,WASP-47 b,1,WASP-47,G9
6108,WASP-47 c,1,WASP-47,G9
6109,WASP-47 d,1,WASP-47,G9
6110,WASP-47 e,1,WASP-47,G9
6112,WASP-49 b,2,WASP-49,G6 V
6113,WASP-5 b,1,WASP-5,G5
6115,WASP-52 b,1,WASP-52,K2 V
6118,WASP-54 b,2,WASP-54,F9
6120,WASP-56 b,2,WASP-56,G6
6121,WASP-57 b,1,WASP-57,G6
6122,WASP-58 b,2,WASP-58,G2 V
6123,WASP-59 b,1,WASP-59,K5 V
6125,WASP-60 b,1,WASP-60,G1 V
6129,WASP-64 b,2,WASP-64,G7
6130,WASP-65 b,1,WASP-65,G6
6133,WASP-68 b,2,WASP-68,G0
6134,WASP-69 b,1,WASP-69,K5
6136,WASP-70 A b,2,WASP-70 A,G4
6137,WASP-71 b,1,WASP-71,F8
6138,WASP-72 b,1,WASP-72,F7
6139,WASP-73 b,1,WASP-73,F9
6140,WASP-74 b,1,WASP-74,F9
6141,WASP-75 b,2,WASP-75,F9
6142,WASP-76 b,2,WASP-76,F7
6143,WASP-77 A b,2,WASP-77 A,G8 V
6145,WASP-79 b,1,WASP-79,F5
6146,WASP-8 b,2,WASP-8,G8 V
6148,WASP-80 b,1,WASP-80,K7 V
6150,WASP-82 b,1,WASP-82,F5
6151,WASP-83 b,1,WASP-83,G8
6152,WASP-84 b,1,WASP-84,K0
6153,WASP-84 c,1,WASP-84,K0
6154,WASP-85 A b,2,WASP-85 A,G5 V
6156,WASP-88 b,1,WASP-88,F6
6157,WASP-89 b,1,WASP-89,K3
6158,WASP-90 b,1,WASP-90,F6
6159,WASP-91 b,1,WASP-91,K3
6160,WASP-92 b,1,WASP-92,F7
6161,WASP-93 b,1,WASP-93,F4
6162,WASP-94 A b,2,WASP-94 A,F8
6163,WASP-94 B b,2,WASP-94 B,F9
6164,WASP-95 b,1,WASP-95,G2
6165,WASP-96 b,1,WASP-96,G8
6166,WASP-97 b,1,WASP-97,G5
6167,WASP-98 b,2,WASP-98,G7
6168,WASP-99 b,1,WASP-99,F8
6169,WD 0806-661 b,1,WD 0806-661,DQ
6170,WD 1856+534 b,3,WD 1856+534,DC
6172,WISEP J121756.91+162640.2 A b,1,WISEP J121756.91+162640.2 A,T8.5
6173,WISPIT 1 b,2,WISPIT 1,K4 V
6174,WISPIT 1 c,2,WISPIT 1,K4 V
6177,WTS-1 b,1,WTS-1,F6 V
6178,WTS-2 b,1,WTS-2,K2 V
6179,Wendelstein-1 b,1,Wendelstein-1,K7 V
6180,Wendelstein-2 b,1,Wendelstein-2,K6 V
6181,Wolf 1061 b,1,Wolf 1061,M3/3.5 V
6182,Wolf 1061 c,1,Wolf 1061,M3/3.5 V
6183,Wolf 1061 d,1,Wolf 1061,M3/3.5 V
6184,Wolf 1069 b,1,Wolf 1069,M5.0 V
6185,Wolf 327 b,1,Wolf 327,M2.5 V
6186,Wolf 503 b,1,Wolf 503,K3.5 V
6187,XO-1 b,1,XO-1,G1 V
6188,XO-2 N b,2,XO-2 N,G8 V
6189,XO-2 S b,2,XO-2 S,G8 V
6190,XO-2 S c,2,XO-2 S,G8 V
6191,XO-2 S d,2,XO-2 S,G8 V
6192,XO-3 b,1,XO-3,F5V
6193,XO-4 b,1,XO-4,F5 V
6194,XO-5 b,1,XO-5,G8 V
6195,XO-6 b,1,XO-6,F5
6196,XO-7 b,1,XO-7,G0 V
6197,YZ Cet b,1,YZ Cet,M4.5
6198,YZ Cet c,1,YZ Cet,M4 V
6199,YZ Cet d,1,YZ Cet,M4.5
6203,b Cen AB b,2,b Cen A,B2.5 V
6204,bet Cnc b,2,bet Cnc,K4 III
6207,bet UMi b,1,bet UMi,K4 III
6208,eps CrB b,1,eps CrB,K2 III
6209,eps Eri b,1,eps Eri,K2 V
6210,eps Ind A b,3,eps Ind A,K2 V
6211,eps Tau b,1,eps Tau,K0 III
6212,gam Cep b,2,gam Cep,K1 IV
6213,gam Lib b,1,gam Lib,K0 III
6214,gam Lib c,1,gam Lib,K0 III
6215,gam Psc b,1,gam Psc,G7 III
6217,iot Dra b,1,iot Dra,K2 III
6218,iot Dra c,1,iot Dra,K2 III
6219,kap And b,1,kap And,B9 IVn
6220,kap CrB b,1,kap CrB,K0 III-IV
6221,mu Leo b,1,mu Leo,K2 III
6222,mu2 Sco b,1,mu2 Sco,B2 IV
6223,nu Oph b,1,nu Oph,K0 III
6224,nu Oph c,1,nu Oph,K0 III
6225,ome Ser b,2,ome Ser,G8 III
6226,omi CrB b,1,omi CrB,K0 III
6227,omi UMa b,2,omi UMa,G4 II-III
6228,pi Men c,1,HD 39091,G0 V
6230,psi1 Dra B b,3,psi1 Dra B,G0 V
6231,rho CrB c,1,rho CrB,G0
6232,rho CrB e,1,rho CrB,G0
6233,tau Boo b,2,tau Boo,F7 V
6234,tau Gem b,1,tau Gem,K2 III
6235,ups And b,2,ups And,F8 V
6236,ups And c,2,ups And,F8 V
6237,ups And d,2,ups And,F8 V
6238,ups Leo b,1,ups Leo,G9 III
6239,xi Aql b,1,xi Aql,K0 III
